data_name,algo,K,uncertainty_weight,affiliation_f,accuracy,precision,recall,f_score,affiliation_precision,affiliation_recall,adjust_precision,adjust_recall,adjust_f_score,R_AUC_ROC,R_AUC_PR,VUS_ROC,VUS_PR,auc_roc
SMD,CP-MAE,1,1.0,0.7808,0.9715,0.4195,0.1666,0.2385,0.7954,0.7667,0.7999,0.9219,0.8566,0.7229,0.162,0.7149,0.1609,0.7173
SMD,CP-MAE,1,1.0,0.7939,0.9695,0.3263,0.1281,0.184,0.8357,0.7561,0.7784,0.9294,0.8472,0.7608,0.1384,0.7563,0.138,0.7417
SMD,CP-MAE,1,1.0,0.7752,0.9708,0.3895,0.1588,0.2256,0.8206,0.7345,0.7843,0.9052,0.8404,0.7453,0.1525,0.7403,0.1526,0.7161
SMD,CP-MAE,1,1.0,0.7526,0.9687,0.3348,0.1721,0.2274,0.7939,0.7155,0.7274,0.9124,0.8095,0.7129,0.1426,0.7088,0.1428,0.714
SMD,CP-MAE,1,1.0,0.7867,0.9688,0.3373,0.1718,0.2276,0.8194,0.7565,0.7342,0.9324,0.8215,0.7905,0.1709,0.786,0.1709,0.7737
WADI,CP-MAE,1,5.0,0.6313,0.9403,0.1939,0.0557,0.0866,0.6238,0.639,0.601,0.349,0.4416,0.8047,0.2351,0.7937,0.2222,0.7279
WADI,CP-MAE,1,5.0,0.7412,0.9396,0.3543,0.2317,0.2801,0.6876,0.8038,0.5663,0.5513,0.5587,0.7107,0.2634,0.681,0.2567,0.5819
WADI,CP-MAE,1,5.0,0.6995,0.9451,0.3871,0.1408,0.2065,0.705,0.6941,0.7121,0.5513,0.6215,0.7143,0.2174,0.7017,0.2008,0.6178
WADI,CP-MAE,1,5.0,0.6681,0.947,0.438,0.1554,0.2294,0.6776,0.6588,0.6895,0.4428,0.5393,0.6919,0.1812,0.6881,0.1901,0.6325
WADI,CP-MAE,1,5.0,0.7016,0.949,0.494,0.2434,0.3261,0.6419,0.7735,0.6886,0.5513,0.6124,0.7521,0.2604,0.7624,0.269,0.7454
PSM,CP-MAE,1,1.0,0.6721,0.6807,0.4794,0.3822,0.4253,0.6096,0.7488,0.6922,0.9334,0.7949,0.5875,0.4364,0.5727,0.4313,0.6184
PSM,CP-MAE,1,1.0,0.6868,0.648,0.4372,0.4833,0.4591,0.5604,0.8867,0.6011,0.9376,0.7326,0.6055,0.4475,0.5975,0.444,0.6123
PSM,CP-MAE,1,1.0,0.7275,0.6669,0.4595,0.4413,0.4503,0.6033,0.9161,0.6362,0.9076,0.748,0.6085,0.4486,0.5958,0.4449,0.618
PSM,CP-MAE,1,1.0,0.7568,0.6423,0.4225,0.4283,0.4254,0.6293,0.9492,0.6298,0.9961,0.7717,0.6204,0.45,0.6111,0.4459,0.6133
PSM,CP-MAE,1,1.0,0.7374,0.659,0.4429,0.3999,0.4203,0.6247,0.8998,0.6504,0.9357,0.7674,0.5976,0.4374,0.5912,0.4338,0.6097
SWaT,CP-MAE,1,1.0,0.6971,0.9376,0.1679,0.1913,0.1788,0.5858,0.8605,0.4315,0.7199,0.5396,0.8033,0.1595,0.79,0.1496,0.7047
SWaT,CP-MAE,1,1.0,0.7687,0.932,0.1286,0.1583,0.1419,0.6486,0.9435,0.4825,1.0,0.6509,0.8167,0.1577,0.8015,0.1473,0.7077
SWaT,CP-MAE,1,1.0,0.7201,0.9367,0.1117,0.1125,0.1121,0.5985,0.9036,0.4914,0.8646,0.6266,0.7812,0.1384,0.7707,0.1309,0.6616
SWaT,CP-MAE,1,1.0,0.7654,0.9379,0.0962,0.0892,0.0926,0.6612,0.9084,0.5273,0.9353,0.6744,0.7897,0.1332,0.7695,0.1234,0.6434
SWaT,CP-MAE,1,1.0,0.6829,0.9402,0.1171,0.1044,0.1104,0.5671,0.8579,0.482,0.7322,0.5813,0.7916,0.1413,0.7785,0.1332,0.6845
LTDB,CP-MAE,1,5.0,0.737,0.7613,0.1903,0.3459,0.2455,0.606,0.9403,0.3998,0.9807,0.5681,0.7173,0.2816,0.7047,0.2697,0.5975
LTDB,CP-MAE,1,5.0,0.7314,0.7517,0.1798,0.34,0.2352,0.599,0.9391,0.389,0.9879,0.5582,0.7207,0.2782,0.7056,0.2641,0.5982
LTDB,CP-MAE,1,5.0,0.7423,0.7615,0.193,0.3535,0.2497,0.6134,0.9399,0.3988,0.9801,0.5669,0.7218,0.2817,0.7082,0.2688,0.5973
LTDB,CP-MAE,1,5.0,0.7403,0.7487,0.186,0.3667,0.2468,0.6099,0.9415,0.3793,0.9807,0.547,0.7184,0.28,0.7042,0.2663,0.596
LTDB,CP-MAE,1,5.0,0.7355,0.7547,0.1877,0.3562,0.2459,0.6032,0.9421,0.3915,0.9915,0.5613,0.7243,0.2843,0.7081,0.2697,0.5948
