data_name,algo,num_patch,uncertainty_weight,affiliation_f,accuracy,precision,recall,f_score,affiliation_precision,affiliation_recall,adjust_precision,adjust_recall,adjust_f_score,R_AUC_ROC,R_AUC_PR,VUS_ROC,VUS_PR,auc_roc
WADI,CP-MAE,"[4, 8]",5.0,0.7251,0.9521,0.6203,0.1437,0.2333,0.7364,0.7141,0.8624,0.5513,0.6726,0.8763,0.3188,0.8581,0.3157,0.7766
WADI,CP-MAE,"[4, 8]",5.0,0.7177,0.9519,0.6047,0.1525,0.2436,0.7209,0.7145,0.8468,0.5513,0.6679,0.8778,0.3185,0.8596,0.3145,0.7784
WADI,CP-MAE,"[4, 8]",5.0,0.7045,0.9493,0.5,0.0821,0.1411,0.7147,0.6945,0.8704,0.5513,0.675,0.8544,0.2824,0.8359,0.2797,0.7484
WADI,CP-MAE,"[4, 8]",5.0,0.7617,0.9531,0.6912,0.1378,0.2298,0.8422,0.6952,0.8995,0.5513,0.6836,0.8543,0.2902,0.8371,0.2898,0.7562
WADI,CP-MAE,"[4, 8]",5.0,0.6591,0.9512,0.6182,0.0997,0.1717,0.7759,0.5729,0.8779,0.4428,0.5887,0.8731,0.2994,0.856,0.2958,0.7768
WADI,CP-MAE,"[4, 8]",5.0,0.5322,0.9518,0.6545,0.1056,0.1818,0.6068,0.474,0.8882,0.4428,0.591,0.8626,0.3099,0.841,0.3047,0.7458
PSM,CP-MAE,"[4, 8]",1.0,0.7637,0.6245,0.4192,0.5576,0.4786,0.7071,0.83,0.5503,0.9455,0.6957,0.6316,0.4824,0.6223,0.4762,0.6456
PSM,CP-MAE,"[4, 8]",1.0,0.7225,0.6174,0.415,0.5809,0.4841,0.6503,0.8127,0.5351,0.9425,0.6827,0.6406,0.5091,0.6307,0.5012,0.6607
PSM,CP-MAE,"[4, 8]",1.0,0.7268,0.6222,0.418,0.5662,0.4809,0.6674,0.7977,0.5419,0.9325,0.6854,0.6043,0.4434,0.595,0.4394,0.6224
PSM,CP-MAE,"[4, 8]",1.0,0.7616,0.6214,0.4187,0.579,0.486,0.6782,0.8683,0.5482,0.9752,0.7018,0.6383,0.4955,0.6295,0.4893,0.6532
PSM,CP-MAE,"[4, 8]",1.0,0.7681,0.6218,0.4185,0.574,0.4841,0.6938,0.8603,0.5425,0.9455,0.6894,0.6299,0.4857,0.6208,0.4793,0.6461
SWaT,CP-MAE,"[4, 8]",1.0,0.5844,0.9518,0.0222,0.0083,0.0121,0.5036,0.6962,0.3087,0.1631,0.2134,0.853,0.1955,0.8363,0.1776,0.7447
SWaT,CP-MAE,"[4, 8]",1.0,0.5787,0.9519,0.0228,0.0085,0.0123,0.499,0.6889,0.31,0.1631,0.2137,0.8393,0.1575,0.8246,0.1462,0.7473
SWaT,CP-MAE,"[4, 8]",1.0,0.5777,0.9516,0.0218,0.0083,0.012,0.4974,0.6889,0.3049,0.1631,0.2125,0.8672,0.1996,0.8536,0.184,0.7827
SMD,CP-MAE,"[4, 8]",1.0,0.8478,0.9548,0.2072,0.2428,0.2236,0.7571,0.9631,0.5119,0.9743,0.6712,0.7668,0.1809,0.7643,0.1806,0.743
SMD,CP-MAE,"[4, 8]",1.0,0.8639,0.9571,0.1897,0.1838,0.1867,0.7869,0.9577,0.5533,0.9722,0.7052,0.7693,0.151,0.7665,0.1509,0.7451
SMD,CP-MAE,"[4, 8]",1.0,0.8369,0.9424,0.1664,0.2867,0.2106,0.7273,0.9853,0.4051,0.9778,0.5729,0.7797,0.1836,0.7775,0.1834,0.7574
LTDB,CP-MAE,"[4, 8]",5.0,0.7968,0.8514,0.2966,0.2356,0.2626,0.6909,0.941,0.6415,1.0,0.7816,0.7831,0.3388,0.7781,0.3305,0.691
LTDB,CP-MAE,"[4, 8]",5.0,0.7949,0.8507,0.2914,0.2301,0.2571,0.6882,0.9408,0.6412,1.0,0.7814,0.7814,0.3365,0.777,0.3284,0.6914
LTDB,CP-MAE,"[4, 8]",5.0,0.7948,0.8504,0.2948,0.2388,0.2639,0.6871,0.9425,0.6364,1.0,0.7778,0.7785,0.3371,0.7736,0.3287,0.6858
LTDB,CP-MAE,"[4, 8]",5.0,0.7884,0.8491,0.2779,0.2151,0.2425,0.6792,0.9394,0.6415,1.0,0.7816,0.7627,0.3125,0.7573,0.3048,0.6672
LTDB,CP-MAE,"[4, 8]",5.0,0.796,0.8478,0.2873,0.2401,0.2616,0.6887,0.943,0.6267,1.0,0.7705,0.7893,0.3431,0.784,0.3343,0.698
SWaT,CP-MAE,"[4, 8]",1.0,0.647,0.9375,0.0782,0.0703,0.0741,0.5554,0.7748,0.4792,0.7627,0.5886,0.8412,0.1599,0.827,0.1489,0.7505
SWaT,CP-MAE,"[4, 8]",1.0,0.6904,0.9493,0.2696,0.2495,0.2591,0.6276,0.7671,0.4969,0.6675,0.5697,0.8697,0.2191,0.854,0.2035,0.7788
SMD,CP-MAE,"[4, 8]",1.0,0.8391,0.9733,0.511,0.1088,0.1794,0.8158,0.8637,0.8982,0.9192,0.9086,0.7615,0.1631,0.7592,0.1631,0.7373
SMD,CP-MAE,"[4, 8]",1.0,0.8443,0.9725,0.4519,0.1183,0.1875,0.8251,0.8645,0.865,0.9192,0.8913,0.7764,0.1632,0.7737,0.1631,0.7554