,data_name,algo,P,R,F1-score,R_AUC_ROC,R_AUC_PR,VUS_ROC,VUS_PR,AUC-ROC
0,SMD,FusAD,0.5071,0.0477,0.0871,0.6931,0.0765,0.689,0.0761,0.667
1,SMD,FusAD,0.2544,0.0863,0.1289,0.6616,0.0889,0.6577,0.0888,0.6314
2,SMD,FusAD,0.2008,0.1018,0.1351,0.7313,0.0965,0.726,0.0954,0.6964
3,SMD,FusAD,0.5602,0.0465,0.0858,0.6954,0.085,0.6901,0.0847,0.6712
4,SMD,FusAD,0.0662,0.1236,0.0862,0.6575,0.0662,0.6536,0.0659,0.619
5,SWaT,FusAD,0.064,0.0014,0.0028,0.7523,0.1034,0.7379,0.099,0.6449
6,SWaT,FusAD,0.0391,0.0049,0.0088,0.7405,0.1038,0.7279,0.0997,0.6453
7,SWaT,FusAD,0.0504,0.0063,0.0113,0.7049,0.0924,0.6896,0.0881,0.592
8,SWaT,FusAD,0.0596,0.0039,0.0073,0.7132,0.0917,0.6998,0.088,0.6135
9,SWaT,FusAD,0.0372,0.0055,0.0095,0.7721,0.1216,0.7578,0.116,0.6727
10,WADI,FusAD,0.1277,0.0176,0.0309,0.8213,0.2159,0.8106,0.2116,0.7414
11,WADI,FusAD,0.2157,0.0323,0.0561,0.817,0.223,0.8072,0.2208,0.7401
12,WADI,FusAD,0.1224,0.0176,0.0308,0.8196,0.2142,0.8094,0.2092,0.7463
13,WADI,FusAD,0.1304,0.0176,0.031,0.8221,0.2255,0.8136,0.2226,0.7486
14,WADI,FusAD,0.1333,0.0176,0.0311,0.8219,0.225,0.8113,0.2216,0.7563
15,PSM,FusAD,0.5804,0.0048,0.0096,0.6242,0.3912,0.6198,0.39,0.6
16,PSM,FusAD,0.5789,0.0049,0.0097,0.5291,0.3464,0.5214,0.3445,0.4986
17,PSM,FusAD,0.6055,0.0049,0.0097,0.6275,0.3968,0.6219,0.3961,0.6041
18,PSM,FusAD,0.5641,0.0049,0.0097,0.6272,0.3942,0.6223,0.393,0.6042
19,PSM,FusAD,0.6333,0.0057,0.0112,0.6008,0.3825,0.5955,0.3814,0.5776
20,LTDB,FusAD,0.107,0.0112,0.0202,0.7405,0.2149,0.7276,0.2047,0.6432
21,LTDB,FusAD,0.1109,0.0121,0.0217,0.7536,0.2209,0.7434,0.2109,0.676
22,LTDB,FusAD,0.1065,0.0108,0.0196,0.7496,0.2183,0.7395,0.2088,0.668
23,LTDB,FusAD,0.1242,0.011,0.0202,0.745,0.2534,0.7342,0.2428,0.6577
24,LTDB,FusAD,0.1425,0.0119,0.0219,0.7617,0.2635,0.7542,0.2533,0.7009
