data_name,algo,mode,seed,seq_len,batch_size,anomaly_ratio,executed_epochs,avg_epoch_time_s,fit_time_s,train_peak_mem_mb,inference_time_s,n_scored_points,ms_per_1k_points,points_per_s,infer_peak_mem_mb,n_nonfinite_scores,config,accuracy,precision,recall,f_score,affiliation_precision,affiliation_recall,affiliation_f,adjust_precision,adjust_recall,adjust_f_score,R_AUC_ROC,R_AUC_PR,VUS_ROC,VUS_PR,auc_roc
SWaT,DADA,zero_shot,0,100,64,2.0,0,,,,6.890852928161621,159900,43.09476502915335,23204.674612415358,8469.3974609375,0,norm=0;copies=10;mask=c,0.9458,0.0437,0.0252,0.032,0.5272,0.7768,0.6281,0.5432,0.6567,0.5946,0.7629,0.098,0.7529,0.0935,0.6735
SWaT,DADA,zero_shot,1,100,64,2.0,0,,,,6.654653549194336,159900,41.61759567976445,24028.298215368213,8469.0498046875,0,norm=0;copies=10;mask=c,0.943,0.042,0.0279,0.0335,0.5739,0.8554,0.6869,0.5762,0.8646,0.6915,0.7551,0.0951,0.7453,0.0909,0.6676
SWaT,DADA,zero_shot,2,100,64,2.0,0,,,,6.7304511070251465,159900,42.09162668558565,23757.6943145904,8469.5341796875,0,norm=0;copies=10;mask=c,0.9432,0.0397,0.0259,0.0314,0.5654,0.8509,0.6794,0.5644,0.8122,0.666,0.756,0.0957,0.7463,0.0913,0.6648
SWaT,DADA,zero_shot,3,100,64,2.0,0,,,,6.829082727432251,159900,42.70845983384772,23414.56479326071,8469.5341796875,0,norm=0;copies=10;mask=c,0.9439,0.0399,0.0252,0.0309,0.5779,0.8482,0.6875,0.5554,0.7586,0.6413,0.7546,0.0945,0.7442,0.0903,0.6607
SWaT,DADA,zero_shot,4,100,64,2.0,0,,,,7.4739556312561035,159900,46.74143609290872,21394.293449013498,8469.5341796875,0,norm=0;copies=10;mask=c,0.9451,0.0361,0.0213,0.0268,0.5108,0.7763,0.6162,0.5357,0.6567,0.5901,0.7515,0.0973,0.7417,0.0925,0.6549
WADI,DADA,zero_shot,0,100,64,2.0,0,,,,0.7641940116882324,6900,110.75275531713513,9029.120739583846,21065.2431640625,0,norm=0;copies=10;mask=c,0.9325,0.037,0.0147,0.021,0.4783,0.7239,0.576,0.5765,0.5191,0.5463,0.7719,0.1512,0.7658,0.1531,0.6559
WADI,DADA,zero_shot,1,100,64,2.0,0,,,,0.8973798751831055,6900,130.0550543743631,7689.051416037264,21065.2431640625,0,norm=0;copies=10;mask=c,0.9332,0.0161,0.0059,0.0086,0.4496,0.688,0.5438,0.5344,0.4106,0.4643,0.7549,0.1374,0.7494,0.1402,0.6343
WADI,DADA,zero_shot,2,100,64,2.0,0,,,,0.7426469326019287,6900,107.62999023216358,9291.090688041011,21065.2431640625,0,norm=0;copies=10;mask=c,0.9312,0.0411,0.0176,0.0246,0.5417,0.8274,0.6547,0.6373,0.7214,0.6768,0.7747,0.1505,0.7657,0.1526,0.6525
WADI,DADA,zero_shot,3,100,64,2.0,0,,,,0.7279665470123291,6900,105.50239811772886,9478.457531212816,21065.2431640625,0,norm=0;copies=10;mask=c,0.9322,0.0496,0.0205,0.029,0.56,0.8279,0.6681,0.6474,0.7214,0.6824,0.7788,0.1553,0.7704,0.158,0.6544
WADI,DADA,zero_shot,4,100,64,2.0,0,,,,0.9299921989440918,6900,134.7814781078394,7419.417074502586,21065.2431640625,0,norm=0;copies=10;mask=c,0.9322,0.0153,0.0059,0.0085,0.4535,0.7196,0.5564,0.5204,0.4106,0.459,0.7764,0.1465,0.7683,0.1487,0.6552
PSM,DADA,zero_shot,0,100,64,1.0,0,,,,1.0945849418640137,43500,25.162872226758935,39741.09119930159,4159.69140625,0,norm=0;copies=10;mask=c,0.694,0.6916,0.0165,0.0323,0.7281,0.7923,0.7588,0.9922,0.9352,0.9629,0.6044,0.4144,0.6003,0.4109,0.5799
PSM,DADA,zero_shot,1,100,64,1.0,0,,,,1.2042596340179443,43500,27.684129517653894,36121.77870220951,4159.69140625,0,norm=0;copies=10;mask=c,0.6932,0.6519,0.0142,0.0278,0.7199,0.8203,0.7668,0.992,0.9381,0.9643,0.6138,0.4235,0.609,0.4204,0.5903
PSM,DADA,zero_shot,2,100,64,1.0,0,,,,1.3146061897277832,43500,30.22083194776513,33089.75748015274,4159.69140625,0,norm=0;copies=10;mask=c,0.6932,0.6483,0.014,0.0274,0.7254,0.7875,0.7552,0.9919,0.9352,0.9628,0.6158,0.4238,0.6118,0.4197,0.5902
PSM,DADA,zero_shot,3,100,64,1.0,0,,,,1.0136921405792236,43500,23.303267599522382,42912.436881619804,4159.69140625,0,norm=0;copies=10;mask=c,0.6939,0.6716,0.0169,0.033,0.7432,0.7878,0.7648,0.9912,0.9352,0.9624,0.6154,0.4287,0.6111,0.4244,0.5904
PSM,DADA,zero_shot,4,100,64,1.0,0,,,,1.5354444980621338,43500,35.29757466809503,28330.55838547133,4159.69140625,0,norm=0;copies=10;mask=c,0.6927,0.589,0.016,0.0312,0.7036,0.7953,0.7467,0.9882,0.9352,0.961,0.613,0.4237,0.6084,0.4198,0.5885
LTDB,DADA,zero_shot,0,100,64,2.0,0,,,,1.014683723449707,190000,5.3404406497353,187250.46594227484,352.18896484375,0,norm=0;copies=10;mask=c,0.8576,0.1625,0.0651,0.0929,0.5972,0.9035,0.7191,0.7419,0.9637,0.8384,0.7965,0.3213,0.793,0.3104,0.7257
LTDB,DADA,zero_shot,1,100,64,2.0,0,,,,3.942573070526123,190000,20.75038458171644,48191.8778932473,352.44287109375,0,norm=0;copies=10;mask=c,0.8571,0.1614,0.0653,0.093,0.6003,0.9004,0.7204,0.7393,0.9624,0.8362,0.7983,0.3239,0.7938,0.3118,0.7265
LTDB,DADA,zero_shot,2,100,64,2.0,0,,,,1.0368661880493164,190000,5.457190463417455,183244.47473540631,352.59912109375,0,norm=0;copies=10;mask=c,0.8576,0.1672,0.0678,0.0965,0.5945,0.9004,0.7161,0.7461,0.9925,0.8519,0.7966,0.3242,0.7922,0.3123,0.7264
LTDB,DADA,zero_shot,3,100,64,2.0,0,,,,1.021688461303711,190000,5.377307691072163,185966.6690935838,352.40380859375,0,norm=0;copies=10;mask=c,0.8571,0.1604,0.0647,0.0922,0.5988,0.9049,0.7207,0.7427,0.9783,0.8444,0.7985,0.3227,0.7943,0.3115,0.7289
LTDB,DADA,zero_shot,4,100,64,2.0,0,,,,0.41760849952697754,190000,2.1979394711946187,454971.5827508582,352.50146484375,0,norm=0;copies=10;mask=c,0.8574,0.1536,0.0602,0.0865,0.5916,0.8983,0.7134,0.7468,0.9779,0.8469,0.7944,0.3195,0.7901,0.308,0.7236
SMD,DADA,zero_shot,0,100,256,0.1,0,,,,6.744210481643677,224100,30.094647396892803,33228.50029813765,25209.82568359375,0,norm=0;copies=10;mask=c,0.9711,0.2862,0.052,0.088,0.8206,0.7954,0.8078,0.8693,0.8622,0.8657,0.7553,0.098,0.7514,0.0977,0.7315
SMD,DADA,zero_shot,1,100,256,0.1,0,,,,6.590447664260864,224100,29.4085125580583,34003.75989862798,25209.82568359375,0,norm=0;copies=10;mask=c,0.9709,0.2782,0.0546,0.0914,0.817,0.7823,0.7993,0.8587,0.8617,0.8602,0.7565,0.0995,0.7525,0.0992,0.7315
SMD,DADA,zero_shot,2,100,256,0.1,0,,,,6.587128162384033,224100,29.39369996601532,34020.89567343306,25209.82568359375,0,norm=0;copies=10;mask=c,0.9712,0.2896,0.0511,0.0869,0.8206,0.7818,0.8007,0.8729,0.8617,0.8673,0.7581,0.0984,0.7542,0.0982,0.7332
SMD,DADA,zero_shot,4,100,256,0.1,0,,,,6.775034189224243,224100,30.232191830541023,33077.32385416345,25209.82568359375,0,norm=0;copies=10;mask=c,0.9711,0.2843,0.0531,0.0896,0.8242,0.7957,0.8097,0.8657,0.8622,0.8639,0.7551,0.0982,0.7511,0.0979,0.7298
SMD,DADA,zero_shot,3,100,256,0.1,0,,,,6.623042821884155,224100,29.553961721928403,33836.41115221522,25209.82568359375,0,norm=0;copies=10;mask=c,0.9712,0.2935,0.0528,0.0895,0.8189,0.781,0.7995,0.871,0.8582,0.8646,0.7592,0.0991,0.7552,0.0988,0.7353
