dataset,nominal_rate,seed,actual_rate,n_segments,n_points,base_mode,native_rate,total_rate,file
SMD,0.0,0,0.0,0,321010,excise,0.045056461880793444,0.0,SMD_train_contam_r0.00_s0.npy
SMD,0.0,1,0.0,0,321010,excise,0.045056461880793444,0.0,SMD_train_contam_r0.00_s1.npy
SMD,0.0,2,0.0,0,321010,excise,0.045056461880793444,0.0,SMD_train_contam_r0.00_s2.npy
SMD,0.0,3,0.0,0,321010,excise,0.045056461880793444,0.0,SMD_train_contam_r0.00_s3.npy
SMD,0.0,4,0.0,0,321010,excise,0.045056461880793444,0.0,SMD_train_contam_r0.00_s4.npy
SMD,0.1,0,0.09999688483224822,470,321010,excise,0.045056461880793444,0.09999688483224822,SMD_train_contam_r0.10_s0.npy
SMD,0.1,1,0.09999688483224822,459,321010,excise,0.045056461880793444,0.09999688483224822,SMD_train_contam_r0.10_s1.npy
SMD,0.1,2,0.09999688483224822,487,321010,excise,0.045056461880793444,0.09999688483224822,SMD_train_contam_r0.10_s2.npy
SMD,0.1,3,0.09999688483224822,478,321010,excise,0.045056461880793444,0.09999688483224822,SMD_train_contam_r0.10_s3.npy
SMD,0.1,4,0.09999688483224822,490,321010,excise,0.045056461880793444,0.09999688483224822,SMD_train_contam_r0.10_s4.npy
SMD,0.2,0,0.19999376966449645,939,321010,excise,0.045056461880793444,0.19999376966449645,SMD_train_contam_r0.20_s0.npy
SMD,0.2,1,0.19999376966449645,930,321010,excise,0.045056461880793444,0.19999376966449645,SMD_train_contam_r0.20_s1.npy
SMD,0.2,2,0.19999376966449645,945,321010,excise,0.045056461880793444,0.19999376966449645,SMD_train_contam_r0.20_s2.npy
SMD,0.2,3,0.19999376966449645,921,321010,excise,0.045056461880793444,0.19999376966449645,SMD_train_contam_r0.20_s3.npy
SMD,0.2,4,0.19999376966449645,964,321010,excise,0.045056461880793444,0.19999376966449645,SMD_train_contam_r0.20_s4.npy
SMD,0.3,0,0.29999065449674467,1417,321010,excise,0.045056461880793444,0.29999065449674467,SMD_train_contam_r0.30_s0.npy
SMD,0.3,1,0.29999065449674467,1433,321010,excise,0.045056461880793444,0.29999065449674467,SMD_train_contam_r0.30_s1.npy
SMD,0.3,2,0.29999065449674467,1388,321010,excise,0.045056461880793444,0.29999065449674467,SMD_train_contam_r0.30_s2.npy
SMD,0.3,3,0.29999065449674467,1415,321010,excise,0.045056461880793444,0.29999065449674467,SMD_train_contam_r0.30_s3.npy
SMD,0.3,4,0.29999065449674467,1451,321010,excise,0.045056461880793444,0.29999065449674467,SMD_train_contam_r0.30_s4.npy
SMD,0.4,0,0.3999875393289929,1888,321010,excise,0.045056461880793444,0.3999875393289929,SMD_train_contam_r0.40_s0.npy
SMD,0.4,1,0.3999875393289929,1917,321010,excise,0.045056461880793444,0.3999875393289929,SMD_train_contam_r0.40_s1.npy
SMD,0.4,2,0.3999875393289929,1822,321010,excise,0.045056461880793444,0.3999875393289929,SMD_train_contam_r0.40_s2.npy
SMD,0.4,3,0.3999875393289929,1900,321010,excise,0.045056461880793444,0.3999875393289929,SMD_train_contam_r0.40_s3.npy
SMD,0.4,4,0.3999875393289929,1943,321010,excise,0.045056461880793444,0.3999875393289929,SMD_train_contam_r0.40_s4.npy
SWaT,0.0,0,0.0,0,195505,excise,0.18522948435305542,0.0,SWaT_train_contam_r0.00_s0.npy
SWaT,0.0,1,0.0,0,195505,excise,0.18522948435305542,0.0,SWaT_train_contam_r0.00_s1.npy
SWaT,0.0,2,0.0,0,195505,excise,0.18522948435305542,0.0,SWaT_train_contam_r0.00_s2.npy
SWaT,0.0,3,0.0,0,195505,excise,0.18522948435305542,0.0,SWaT_train_contam_r0.00_s3.npy
SWaT,0.0,4,0.0,0,195505,excise,0.18522948435305542,0.0,SWaT_train_contam_r0.00_s4.npy
SWaT,0.1,0,0.09999744252065165,284,195505,excise,0.18522948435305542,0.09999744252065165,SWaT_train_contam_r0.10_s0.npy
SWaT,0.1,1,0.09999744252065165,293,195505,excise,0.18522948435305542,0.09999744252065165,SWaT_train_contam_r0.10_s1.npy
SWaT,0.1,2,0.09999744252065165,292,195505,excise,0.18522948435305542,0.09999744252065165,SWaT_train_contam_r0.10_s2.npy
SWaT,0.1,3,0.09999744252065165,291,195505,excise,0.18522948435305542,0.09999744252065165,SWaT_train_contam_r0.10_s3.npy
SWaT,0.1,4,0.09999744252065165,260,195505,excise,0.18522948435305542,0.09999744252065165,SWaT_train_contam_r0.10_s4.npy
SWaT,0.2,0,0.1999948850413033,543,195505,excise,0.18522948435305542,0.1999948850413033,SWaT_train_contam_r0.20_s0.npy
SWaT,0.2,1,0.1999948850413033,563,195505,excise,0.18522948435305542,0.1999948850413033,SWaT_train_contam_r0.20_s1.npy
SWaT,0.2,2,0.1999948850413033,551,195505,excise,0.18522948435305542,0.1999948850413033,SWaT_train_contam_r0.20_s2.npy
SWaT,0.2,3,0.1999948850413033,569,195505,excise,0.18522948435305542,0.1999948850413033,SWaT_train_contam_r0.20_s3.npy
SWaT,0.2,4,0.1999948850413033,560,195505,excise,0.18522948435305542,0.1999948850413033,SWaT_train_contam_r0.20_s4.npy
SWaT,0.3,0,0.29999232756195493,815,195505,excise,0.18522948435305542,0.29999232756195493,SWaT_train_contam_r0.30_s0.npy
SWaT,0.3,1,0.29999232756195493,841,195505,excise,0.18522948435305542,0.29999232756195493,SWaT_train_contam_r0.30_s1.npy
SWaT,0.3,2,0.29999232756195493,841,195505,excise,0.18522948435305542,0.29999232756195493,SWaT_train_contam_r0.30_s2.npy
SWaT,0.3,3,0.29999232756195493,857,195505,excise,0.18522948435305542,0.29999232756195493,SWaT_train_contam_r0.30_s3.npy
SWaT,0.3,4,0.29999232756195493,860,195505,excise,0.18522948435305542,0.29999232756195493,SWaT_train_contam_r0.30_s4.npy
SWaT,0.4,0,0.3999897700826066,1090,195505,excise,0.18522948435305542,0.3999897700826066,SWaT_train_contam_r0.40_s0.npy
SWaT,0.4,1,0.3999897700826066,1176,195505,excise,0.18522948435305542,0.3999897700826066,SWaT_train_contam_r0.40_s1.npy
SWaT,0.4,2,0.3999897700826066,1125,195505,excise,0.18522948435305542,0.3999897700826066,SWaT_train_contam_r0.40_s2.npy
SWaT,0.4,3,0.3999897700826066,1097,195505,excise,0.18522948435305542,0.3999897700826066,SWaT_train_contam_r0.40_s3.npy
SWaT,0.4,4,0.3999897700826066,1143,195505,excise,0.18522948435305542,0.3999897700826066,SWaT_train_contam_r0.40_s4.npy
PSM,0.0,0,0.0,0,54358,excise,0.1673993291160568,0.0,PSM_train_contam_r0.00_s0.csv
PSM,0.0,1,0.0,0,54358,excise,0.1673993291160568,0.0,PSM_train_contam_r0.00_s1.csv
PSM,0.0,2,0.0,0,54358,excise,0.1673993291160568,0.0,PSM_train_contam_r0.00_s2.csv
PSM,0.0,3,0.0,0,54358,excise,0.1673993291160568,0.0,PSM_train_contam_r0.00_s3.csv
PSM,0.0,4,0.0,0,54358,excise,0.1673993291160568,0.0,PSM_train_contam_r0.00_s4.csv
PSM,0.1,0,0.09989329997424481,79,54358,excise,0.1673993291160568,0.09989329997424481,PSM_train_contam_r0.10_s0.csv
PSM,0.1,1,0.09989329997424481,88,54358,excise,0.1673993291160568,0.09989329997424481,PSM_train_contam_r0.10_s1.csv
PSM,0.1,2,0.09989329997424481,87,54358,excise,0.1673993291160568,0.09989329997424481,PSM_train_contam_r0.10_s2.csv
PSM,0.1,3,0.09989329997424481,80,54358,excise,0.1673993291160568,0.09989329997424481,PSM_train_contam_r0.10_s3.csv
PSM,0.1,4,0.09989329997424481,69,54358,excise,0.1673993291160568,0.09989329997424481,PSM_train_contam_r0.10_s4.csv
PSM,0.2,0,0.1999705655101365,151,54358,excise,0.1673993291160568,0.1999705655101365,PSM_train_contam_r0.20_s0.csv
PSM,0.2,1,0.1999705655101365,162,54358,excise,0.1673993291160568,0.1999705655101365,PSM_train_contam_r0.20_s1.csv
PSM,0.2,2,0.1999705655101365,178,54358,excise,0.1673993291160568,0.1999705655101365,PSM_train_contam_r0.20_s2.csv
PSM,0.2,3,0.1999705655101365,170,54358,excise,0.1673993291160568,0.1999705655101365,PSM_train_contam_r0.20_s3.csv
PSM,0.2,4,0.1999705655101365,145,54358,excise,0.1673993291160568,0.1999705655101365,PSM_train_contam_r0.20_s4.csv
PSM,0.3,0,0.2998638654843813,230,54358,excise,0.1673993291160568,0.2998638654843813,PSM_train_contam_r0.30_s0.csv
PSM,0.3,1,0.2998638654843813,230,54358,excise,0.1673993291160568,0.2998638654843813,PSM_train_contam_r0.30_s1.csv
PSM,0.3,2,0.2998638654843813,260,54358,excise,0.1673993291160568,0.2998638654843813,PSM_train_contam_r0.30_s2.csv
PSM,0.3,3,0.2998638654843813,247,54358,excise,0.1673993291160568,0.2998638654843813,PSM_train_contam_r0.30_s3.csv
PSM,0.3,4,0.2998638654843813,227,54358,excise,0.1673993291160568,0.2998638654843813,PSM_train_contam_r0.30_s4.csv
PSM,0.4,0,0.399941131020273,314,54358,excise,0.1673993291160568,0.399941131020273,PSM_train_contam_r0.40_s0.csv
PSM,0.4,1,0.399941131020273,306,54358,excise,0.1673993291160568,0.399941131020273,PSM_train_contam_r0.40_s1.csv
PSM,0.4,2,0.399941131020273,340,54358,excise,0.1673993291160568,0.399941131020273,PSM_train_contam_r0.40_s2.csv
PSM,0.4,3,0.399941131020273,341,54358,excise,0.1673993291160568,0.399941131020273,PSM_train_contam_r0.40_s3.csv
PSM,0.4,4,0.399941131020273,313,54358,excise,0.1673993291160568,0.399941131020273,PSM_train_contam_r0.40_s4.csv
WADI,0.0,0,0.0,0,9699,excise,0.06452546296296297,0.0,WADI_train_contam_r0.00_s0.csv
WADI,0.0,1,0.0,0,9699,excise,0.06452546296296297,0.0,WADI_train_contam_r0.00_s1.csv
WADI,0.0,2,0.0,0,9699,excise,0.06452546296296297,0.0,WADI_train_contam_r0.00_s2.csv
WADI,0.0,3,0.0,0,9699,excise,0.06452546296296297,0.0,WADI_train_contam_r0.00_s3.csv
WADI,0.0,4,0.0,0,9699,excise,0.06452546296296297,0.0,WADI_train_contam_r0.00_s4.csv
WADI,0.1,0,0.1000103103412723,22,9699,excise,0.06452546296296297,0.1000103103412723,WADI_train_contam_r0.10_s0.csv
WADI,0.1,1,0.1000103103412723,12,9699,excise,0.06452546296296297,0.1000103103412723,WADI_train_contam_r0.10_s1.csv
WADI,0.1,2,0.1000103103412723,16,9699,excise,0.06452546296296297,0.1000103103412723,WADI_train_contam_r0.10_s2.csv
WADI,0.1,3,0.1000103103412723,19,9699,excise,0.06452546296296297,0.1000103103412723,WADI_train_contam_r0.10_s3.csv
WADI,0.1,4,0.1000103103412723,16,9699,excise,0.06452546296296297,0.1000103103412723,WADI_train_contam_r0.10_s4.csv
WADI,0.2,0,0.2000206206825446,34,9699,excise,0.06452546296296297,0.2000206206825446,WADI_train_contam_r0.20_s0.csv
WADI,0.2,1,0.2000206206825446,35,9699,excise,0.06452546296296297,0.2000206206825446,WADI_train_contam_r0.20_s1.csv
WADI,0.2,2,0.2000206206825446,28,9699,excise,0.06452546296296297,0.2000206206825446,WADI_train_contam_r0.20_s2.csv
WADI,0.2,3,0.2000206206825446,42,9699,excise,0.06452546296296297,0.2000206206825446,WADI_train_contam_r0.20_s3.csv
WADI,0.2,4,0.2000206206825446,25,9699,excise,0.06452546296296297,0.2000206206825446,WADI_train_contam_r0.20_s4.csv
WADI,0.3,0,0.3000309310238169,49,9699,excise,0.06452546296296297,0.3000309310238169,WADI_train_contam_r0.30_s0.csv
WADI,0.3,1,0.3000309310238169,57,9699,excise,0.06452546296296297,0.3000309310238169,WADI_train_contam_r0.30_s1.csv
WADI,0.3,2,0.3000309310238169,44,9699,excise,0.06452546296296297,0.3000309310238169,WADI_train_contam_r0.30_s2.csv
WADI,0.3,3,0.3000309310238169,54,9699,excise,0.06452546296296297,0.3000309310238169,WADI_train_contam_r0.30_s3.csv
WADI,0.3,4,0.3000309310238169,41,9699,excise,0.06452546296296297,0.3000309310238169,WADI_train_contam_r0.30_s4.csv
WADI,0.4,0,0.4000412413650892,65,9699,excise,0.06452546296296297,0.4000412413650892,WADI_train_contam_r0.40_s0.csv
WADI,0.4,1,0.4000412413650892,66,9699,excise,0.06452546296296297,0.4000412413650892,WADI_train_contam_r0.40_s1.csv
WADI,0.4,2,0.4000412413650892,56,9699,excise,0.06452546296296297,0.4000412413650892,WADI_train_contam_r0.40_s2.csv
WADI,0.4,3,0.4000412413650892,67,9699,excise,0.06452546296296297,0.4000412413650892,WADI_train_contam_r0.40_s3.csv
WADI,0.4,4,0.4000412413650892,50,9699,excise,0.06452546296296297,0.4000412413650892,WADI_train_contam_r0.40_s4.csv
LTDB,0.0,0,0.0,0,228529,excise,0.19814385964912282,0.0,LTDB_train_contam_r0.00_s0.csv
LTDB,0.0,1,0.0,0,228529,excise,0.19814385964912282,0.0,LTDB_train_contam_r0.00_s1.csv
LTDB,0.0,2,0.0,0,228529,excise,0.19814385964912282,0.0,LTDB_train_contam_r0.00_s2.csv
LTDB,0.0,3,0.0,0,228529,excise,0.19814385964912282,0.0,LTDB_train_contam_r0.00_s3.csv
LTDB,0.0,4,0.0,0,228529,excise,0.19814385964912282,0.0,LTDB_train_contam_r0.00_s4.csv
LTDB,0.1,0,0.09998731014444556,322,228529,excise,0.19814385964912282,0.09998731014444556,LTDB_train_contam_r0.10_s0.csv
LTDB,0.1,1,0.09998731014444556,342,228529,excise,0.19814385964912282,0.09998731014444556,LTDB_train_contam_r0.10_s1.csv
LTDB,0.1,2,0.09998731014444556,349,228529,excise,0.19814385964912282,0.09998731014444556,LTDB_train_contam_r0.10_s2.csv
LTDB,0.1,3,0.09998731014444556,337,228529,excise,0.19814385964912282,0.09998731014444556,LTDB_train_contam_r0.10_s3.csv
LTDB,0.1,4,0.09998731014444556,349,228529,excise,0.19814385964912282,0.09998731014444556,LTDB_train_contam_r0.10_s4.csv
LTDB,0.2,0,0.19997462028889113,677,228529,excise,0.19814385964912282,0.19997462028889113,LTDB_train_contam_r0.20_s0.csv
LTDB,0.2,1,0.19997462028889113,678,228529,excise,0.19814385964912282,0.19997462028889113,LTDB_train_contam_r0.20_s1.csv
LTDB,0.2,2,0.19997462028889113,706,228529,excise,0.19814385964912282,0.19997462028889113,LTDB_train_contam_r0.20_s2.csv
LTDB,0.2,3,0.19997462028889113,670,228529,excise,0.19814385964912282,0.19997462028889113,LTDB_train_contam_r0.20_s3.csv
LTDB,0.2,4,0.19997462028889113,676,228529,excise,0.19814385964912282,0.19997462028889113,LTDB_train_contam_r0.20_s4.csv
LTDB,0.3,0,0.2999619304333367,988,228529,excise,0.19814385964912282,0.2999619304333367,LTDB_train_contam_r0.30_s0.csv
LTDB,0.3,1,0.2999619304333367,996,228529,excise,0.19814385964912282,0.2999619304333367,LTDB_train_contam_r0.30_s1.csv
LTDB,0.3,2,0.2999619304333367,1017,228529,excise,0.19814385964912282,0.2999619304333367,LTDB_train_contam_r0.30_s2.csv
LTDB,0.3,3,0.2999619304333367,997,228529,excise,0.19814385964912282,0.2999619304333367,LTDB_train_contam_r0.30_s3.csv
LTDB,0.3,4,0.2999619304333367,1019,228529,excise,0.19814385964912282,0.2999619304333367,LTDB_train_contam_r0.30_s4.csv
LTDB,0.4,0,0.39999299870038374,1315,228529,excise,0.19814385964912282,0.39999299870038374,LTDB_train_contam_r0.40_s0.csv
LTDB,0.4,1,0.39999299870038374,1331,228529,excise,0.19814385964912282,0.39999299870038374,LTDB_train_contam_r0.40_s1.csv
LTDB,0.4,2,0.39999299870038374,1362,228529,excise,0.19814385964912282,0.39999299870038374,LTDB_train_contam_r0.40_s2.csv
LTDB,0.4,3,0.39999299870038374,1331,228529,excise,0.19814385964912282,0.39999299870038374,LTDB_train_contam_r0.40_s3.csv
LTDB,0.4,4,0.39999299870038374,1357,228529,excise,0.19814385964912282,0.39999299870038374,LTDB_train_contam_r0.40_s4.csv
