bin,confidence,accuracy,count
0.000000000000000000e+00,3.105778433382511139e-02,4.350630841472013241e-04,6.665700000000000000e+04
1.000000000000000000e+00,9.589275717735290527e-02,2.914587667777511840e-02,5.431300000000000000e+04
2.000000000000000000e+00,1.595290899276733398e-01,5.193915307660682684e-02,2.189100000000000000e+04
3.000000000000000000e+00,2.270284295082092285e-01,1.315072226764786023e-01,7.338000000000000000e+03
4.000000000000000000e+00,2.969317436218261719e-01,4.032697547683923855e-01,3.303000000000000000e+03
5.000000000000000000e+00,3.671782910823822021e-01,1.449350649350649445e-01,1.925000000000000000e+03
6.000000000000000000e+00,4.269611537456512451e-01,1.928281461434370736e-01,1.478000000000000000e+03
7.000000000000000000e+00,4.882045686244964600e-01,2.272727272727272790e-02,3.080000000000000000e+02
8.000000000000000000e+00,5.624526143074035645e-01,2.127659574468085055e-02,4.700000000000000000e+01
9.000000000000000000e+00,6.405246257781982422e-01,1.111111111111111049e-01,2.700000000000000000e+01
1.000000000000000000e+01,7.053515315055847168e-01,1.639344262295082053e-02,1.830000000000000000e+02
1.100000000000000000e+01,7.670352458953857422e-01,3.819444444444444753e-02,2.880000000000000000e+02
1.200000000000000000e+01,8.341618776321411133e-01,2.684563758389261687e-02,4.470000000000000000e+02
1.300000000000000000e+01,8.963450789451599121e-01,1.158301158301158242e-02,2.590000000000000000e+02
1.400000000000000000e+01,9.903231263160705566e-01,1.809210526315789547e-02,1.216000000000000000e+03
