data_name,rate_percent,num_seeds,VUS_PR
SMD,0,5,9.0$\pm$3.3
SMD,10,5,8.7$\pm$2.6
SMD,20,5,8.6$\pm$1.3
SMD,30,5,7.3$\pm$1.1
SMD,40,5,8.3$\pm$1.5
SWaT,0,5,33.7$\pm$2.5
SWaT,10,5,26.4$\pm$3.7
SWaT,20,5,33.4$\pm$1.4
SWaT,30,5,24.1$\pm$6.3
SWaT,40,5,24.5$\pm$2.1
WADI,0,5,39.6$\pm$2.6
WADI,10,5,40.7$\pm$3.9
WADI,20,5,35.0$\pm$5.3
WADI,30,5,39.1$\pm$2.3
WADI,40,5,34.1$\pm$6.4
PSM,0,5,46.4$\pm$0.8
PSM,10,5,44.2$\pm$4.9
PSM,20,5,42.7$\pm$4.1
PSM,30,5,43.3$\pm$1.5
PSM,40,5,43.8$\pm$3.3
LTDB,0,5,21.0$\pm$2.1
LTDB,10,5,20.8$\pm$1.7
LTDB,20,5,20.9$\pm$1.1
LTDB,30,5,20.2$\pm$3.1
LTDB,40,5,20.0$\pm$1.4
