data_name,algo,num_seeds,affiliation_f,accuracy,precision,recall,f_score,affiliation_precision,affiliation_recall,adjust_precision,adjust_recall,adjust_f_score,R_AUC_ROC,R_AUC_PR,VUS_ROC,VUS_PR,auc_roc
WADI,MTGFlow-syn-syn_0p0,0,0.7705,0.9439,0.4094,0.305,0.3496,0.6434,0.9603,0.6739,0.9091,0.774,0.9041,0.4411,0.8911,0.4186,0.8277
WADI,MTGFlow-syn-syn_0p0,1,0.7735,0.9478,0.4581,0.305,0.3662,0.6494,0.9562,0.7159,0.9091,0.801,0.8257,0.3431,0.8128,0.4288,0.7604
WADI,MTGFlow-syn-syn_0p0,2,0.7745,0.9435,0.4061,0.3109,0.3522,0.6496,0.9588,0.6667,0.9091,0.7692,0.8672,0.3925,0.8581,0.3743,0.8043
WADI,MTGFlow-syn-syn_0p1,0,0.7842,0.9474,0.4522,0.305,0.3643,0.6663,0.9528,0.6613,0.7214,0.69,0.8942,0.4991,0.8659,0.4714,0.7565
WADI,MTGFlow-syn-syn_0p1,1,0.7383,0.9477,0.455,0.2962,0.3588,0.6154,0.9224,0.6084,0.5513,0.5785,0.8586,0.3866,0.8466,0.3719,0.7814
WADI,MTGFlow-syn-syn_0p1,2,0.7648,0.9455,0.4249,0.2903,0.3449,0.6371,0.9567,0.6982,0.9091,0.7898,0.8961,0.4249,0.8823,0.4034,0.8269
WADI,MTGFlow-syn-syn_0p2,0,0.7738,0.9416,0.3869,0.3109,0.3447,0.6499,0.9562,0.6485,0.9091,0.757,0.8728,0.4053,0.8609,0.381,0.8087
WADI,MTGFlow-syn-syn_0p2,1,0.7725,0.9433,0.4031,0.305,0.3472,0.6476,0.9573,0.6681,0.9091,0.7702,0.859,0.3701,0.8434,0.3536,0.7746
WADI,MTGFlow-syn-syn_0p2,2,0.768,0.9422,0.3867,0.2903,0.3317,0.6462,0.9465,0.6104,0.7214,0.6613,0.8606,0.3565,0.8514,0.346,0.8083
WADI,MTGFlow-syn-syn_0p3,0,0.7492,0.9446,0.419,0.3109,0.3569,0.6158,0.9562,0.6783,0.9091,0.7769,0.8804,0.4379,0.8694,0.4162,0.8068
WADI,MTGFlow-syn-syn_0p3,1,0.7694,0.9464,0.4393,0.3079,0.3621,0.6439,0.9556,0.6982,0.9091,0.7898,0.8906,0.4203,0.8778,0.4085,0.8354
WADI,MTGFlow-syn-syn_0p3,2,0.8051,0.9388,0.3559,0.2933,0.3215,0.6963,0.9543,0.6314,0.9091,0.7452,0.8753,0.3795,0.8593,0.3653,0.7787
WADI,MTGFlow-syn-syn_0p4,0,0.8047,0.941,0.3458,0.217,0.2667,0.6983,0.9493,0.6889,0.9091,0.7838,0.6834,0.2338,0.6662,0.2435,0.6311
WADI,MTGFlow-syn-syn_0p4,1,0.7678,0.9394,0.363,0.2991,0.328,0.6419,0.9551,0.6339,0.9091,0.747,0.8696,0.4239,0.8559,0.4012,0.806
WADI,MTGFlow-syn-syn_0p4,2,0.7813,0.9384,0.3571,0.3079,0.3307,0.6606,0.956,0.6212,0.9091,0.7381,0.874,0.3886,0.8628,0.3832,0.8188
LTDB,MTGFlow-syn-syn_0p0,0,0.1571,0.8972,0.0143,0.0015,0.0028,0.6216,0.0899,0.2453,0.0344,0.0603,0.6843,0.176,0.6726,0.1918,0.5677
LTDB,MTGFlow-syn-syn_0p0,1,0.6901,0.8993,0.1209,0.013,0.0235,0.615,0.786,0.8921,0.7807,0.8327,0.612,0.1621,0.5833,0.203,0.4417
SMD,MTGFlow-syn-syn_0p0,0,0.7242,0.7702,0.0586,0.5033,0.105,0.5687,0.9967,0.1091,0.9898,0.1965,0.7309,0.0879,0.7286,0.0873,0.7129
LTDB,MTGFlow-syn-syn_0p0,2,0.4967,0.8971,0.0133,0.0014,0.0026,0.4703,0.5263,0.6687,0.2139,0.3241,0.6506,0.1901,0.6525,0.2105,0.5724
LTDB,MTGFlow-syn-syn_0p1,0,0.7402,0.9004,0.174,0.0187,0.0337,0.6841,0.8064,0.9078,0.8737,0.8904,0.6973,0.1999,0.6946,0.2034,0.5975
LTDB,MTGFlow-syn-syn_0p1,1,0.5991,0.899,0.1046,0.0112,0.0203,0.4891,0.7729,0.8565,0.5738,0.6872,0.6893,0.2374,0.6857,0.2324,0.5956
LTDB,MTGFlow-syn-syn_0p1,2,0.6568,0.8987,0.0934,0.01,0.0181,0.5722,0.7708,0.8708,0.6563,0.7485,0.7381,0.2222,0.7299,0.2172,0.642
LTDB,MTGFlow-syn-syn_0p2,0,0.7892,0.9016,0.2388,0.0256,0.0463,0.7318,0.8562,0.9193,0.9311,0.9251,0.7001,0.2231,0.6952,0.2191,0.6084
LTDB,MTGFlow-syn-syn_0p2,1,0.6241,0.8984,0.077,0.0083,0.0149,0.5874,0.6656,0.8481,0.5533,0.6697,0.6655,0.2012,0.6683,0.1981,0.6013
LTDB,MTGFlow-syn-syn_0p2,2,0.6648,0.8984,0.0765,0.0082,0.0148,0.553,0.8331,0.8865,0.7742,0.8265,0.6661,0.1946,0.6669,0.196,0.578
SMD,MTGFlow-syn-syn_0p0,1,0.7241,0.7441,0.052,0.497,0.0942,0.569,0.9953,0.0984,0.9878,0.179,0.7001,0.0647,0.6967,0.0647,0.6831
LTDB,MTGFlow-syn-syn_0p3,0,0.6192,0.8982,0.0653,0.007,0.0127,0.5493,0.7095,0.8439,0.5428,0.6606,0.5827,0.1611,0.5878,0.165,0.5119
LTDB,MTGFlow-syn-syn_0p3,1,0.5411,0.8975,0.0316,0.0034,0.0061,0.4436,0.6936,0.7834,0.3761,0.5082,0.6086,0.1769,0.6046,0.1733,0.5209
LTDB,MTGFlow-syn-syn_0p3,2,0.7823,0.9037,0.3408,0.0366,0.0661,0.7012,0.8846,0.9317,0.9663,0.9487,0.6196,0.237,0.6134,0.2305,0.5202
LTDB,MTGFlow-syn-syn_0p4,0,0.5754,0.8983,0.0699,0.0075,0.0136,0.4593,0.7701,0.8477,0.5561,0.6716,0.6816,0.2274,0.6826,0.2225,0.594
LTDB,MTGFlow-syn-syn_0p4,1,0.6903,0.8987,0.0929,0.01,0.018,0.5804,0.8516,0.8969,0.8471,0.8713,0.674,0.1948,0.6688,0.192,0.5739
LTDB,MTGFlow-syn-syn_0p4,2,0.6254,0.898,0.0571,0.0061,0.0111,0.5702,0.6925,0.8489,0.5689,0.6813,0.7104,0.2079,0.7078,0.2048,0.6224
SMD,MTGFlow-syn-syn_0p0,2,0.7313,0.8015,0.0651,0.4797,0.1146,0.5826,0.9821,0.1238,0.9738,0.2197,0.7063,0.0609,0.7043,0.061,0.6934
SWaT,MTGFlow-syn-syn_0p0,0,0.7731,0.8858,0.1402,0.4325,0.2118,0.6326,0.9937,0.2739,1.0,0.43,0.8643,0.36,0.8537,0.3556,0.7988
SWaT,MTGFlow-syn-syn_0p0,1,0.7443,0.7957,0.0953,0.5603,0.1629,0.5932,0.9988,0.1583,1.0,0.2733,0.8565,0.3464,0.8457,0.3409,0.7899
SWaT,MTGFlow-syn-syn_0p0,2,0.7832,0.8819,0.1445,0.4736,0.2215,0.6444,0.9983,0.263,1.0,0.4164,0.8595,0.3004,0.8509,0.2946,0.7952
PSM,MTGFlow-syn-syn_0p0,0,0.7113,0.4774,0.354,0.8395,0.498,0.5526,0.998,0.395,1.0,0.5663,0.6219,0.4117,0.6176,0.4615,0.6366
PSM,MTGFlow-syn-syn_0p0,1,0.7062,0.4591,0.3425,0.8169,0.4826,0.5469,0.9965,0.3893,1.0,0.5605,0.6084,0.4169,0.6024,0.4749,0.6147
PSM,MTGFlow-syn-syn_0p0,2,0.7112,0.4446,0.342,0.8644,0.4901,0.5522,0.9988,0.3755,1.0,0.546,0.6726,0.4698,0.6663,0.4675,0.6554
SMD,MTGFlow-syn-syn_0p1,0,0.7212,0.84,0.0713,0.4135,0.1216,0.5655,0.9953,0.1552,0.9898,0.2683,0.717,0.0728,0.7144,0.0726,0.6903
SMD,MTGFlow-syn-syn_0p1,1,0.7356,0.7719,0.056,0.4743,0.1002,0.5829,0.9966,0.1102,0.9898,0.1984,0.721,0.0807,0.7187,0.0806,0.6978
SMD,MTGFlow-syn-syn_0p1,2,0.7065,0.8573,0.0978,0.5262,0.1649,0.5469,0.9974,0.1703,0.9963,0.2908,0.7475,0.1339,0.7453,0.1332,0.7274
SWaT,MTGFlow-syn-syn_0p1,0,0.7305,0.6945,0.0837,0.7648,0.1508,0.5756,0.9992,0.1067,1.0,0.1927,0.8662,0.3333,0.8566,0.3271,0.8011
SWaT,MTGFlow-syn-syn_0p1,1,0.7347,0.7297,0.0894,0.7206,0.159,0.581,0.9991,0.1199,1.0,0.2141,0.8571,0.2563,0.846,0.2468,0.788
SWaT,MTGFlow-syn-syn_0p1,2,0.7362,0.6789,0.0785,0.75,0.1421,0.5828,0.9991,0.102,1.0,0.1851,0.8477,0.273,0.8387,0.2658,0.7804
PSM,MTGFlow-syn-syn_0p1,0,0.7052,0.5111,0.3667,0.8023,0.5033,0.546,0.9956,0.4191,0.9999,0.5907,0.6726,0.4519,0.6627,0.4493,0.6568
PSM,MTGFlow-syn-syn_0p1,1,0.7202,0.499,0.3615,0.8122,0.5003,0.5639,0.9962,0.4107,1.0,0.5823,0.6879,0.5256,0.6778,0.521,0.6748
PSM,MTGFlow-syn-syn_0p1,2,0.7069,0.4703,0.3493,0.8292,0.4915,0.5474,0.9976,0.393,1.0,0.5642,0.6383,0.3988,0.633,0.3973,0.6205
SMD,MTGFlow-syn-syn_0p2,0,0.7092,0.7947,0.0555,0.4164,0.098,0.5509,0.9952,0.1226,0.99,0.2182,0.6893,0.0667,0.6871,0.0666,0.6647
SMD,MTGFlow-syn-syn_0p2,1,0.7396,0.8133,0.0643,0.4409,0.1123,0.5886,0.9947,0.133,0.9833,0.2343,0.7322,0.0933,0.73,0.0929,0.7077
SMD,MTGFlow-syn-syn_0p2,2,0.7133,0.7697,0.069,0.6081,0.1239,0.5552,0.9976,0.1085,0.9993,0.1958,0.7583,0.0961,0.7557,0.0958,0.7393
SWaT,MTGFlow-syn-syn_0p2,0,0.7581,0.7658,0.1055,0.7488,0.1849,0.6108,0.9991,0.136,1.0,0.2395,0.8684,0.3555,0.8601,0.3481,0.809
SWaT,MTGFlow-syn-syn_0p2,1,0.7678,0.7691,0.106,0.7407,0.1854,0.6234,0.9991,0.138,1.0,0.2425,0.8666,0.3437,0.8588,0.3367,0.8029
SWaT,MTGFlow-syn-syn_0p2,2,0.7358,0.6853,0.0774,0.7204,0.1397,0.5823,0.9991,0.1043,1.0,0.1888,0.8513,0.3285,0.8436,0.3211,0.7871
PSM,MTGFlow-syn-syn_0p2,0,0.7027,0.4449,0.3405,0.8513,0.4864,0.5426,0.9969,0.3775,1.0,0.5481,0.5997,0.3733,0.5938,0.3724,0.5951
PSM,MTGFlow-syn-syn_0p2,1,0.7156,0.4988,0.3691,0.8782,0.5197,0.5588,0.9947,0.3994,0.9981,0.5705,0.6753,0.4789,0.6705,0.4772,0.6798
PSM,MTGFlow-syn-syn_0p2,2,0.7197,0.57,0.3892,0.6891,0.4975,0.5661,0.9879,0.48,0.9981,0.6482,0.6322,0.4255,0.624,0.4237,0.6385
SMD,MTGFlow-syn-syn_0p3,0,0.7059,0.8112,0.0654,0.4555,0.1144,0.5466,0.9963,0.1317,0.987,0.2324,0.7221,0.0765,0.7197,0.0763,0.6975
SMD,MTGFlow-syn-syn_0p3,1,0.7137,0.787,0.0555,0.4337,0.0983,0.5562,0.9956,0.1173,0.9817,0.2096,0.7082,0.0655,0.7057,0.0654,0.6856
SMD,MTGFlow-syn-syn_0p3,2,0.7069,0.7969,0.0583,0.4342,0.1027,0.5481,0.9953,0.1235,0.9892,0.2196,0.6855,0.0604,0.683,0.0605,0.6515
SWaT,MTGFlow-syn-syn_0p3,0,0.7406,0.738,0.093,0.7301,0.165,0.5884,0.9991,0.1232,1.0,0.2194,0.8569,0.278,0.848,0.2691,0.7937
SWaT,MTGFlow-syn-syn_0p3,1,0.7451,0.7896,0.103,0.6393,0.1774,0.5943,0.9987,0.1522,1.0,0.2642,0.834,0.1775,0.8244,0.1702,0.7665
SWaT,MTGFlow-syn-syn_0p3,2,0.7521,0.7901,0.0997,0.6121,0.1715,0.6031,0.9988,0.1532,1.0,0.2657,0.8517,0.1858,0.8404,0.1792,0.7805
PSM,MTGFlow-syn-syn_0p3,0,0.7233,0.4981,0.3643,0.8389,0.508,0.5674,0.9975,0.4058,1.0,0.5773,0.6532,0.4117,0.6451,0.4106,0.6351
PSM,MTGFlow-syn-syn_0p3,1,0.7116,0.5114,0.3749,0.8728,0.5245,0.5533,0.9971,0.4073,0.9999,0.5788,0.6973,0.5129,0.6906,0.4513,0.6989
PSM,MTGFlow-syn-syn_0p3,2,0.7096,0.5077,0.3662,0.8131,0.505,0.5514,0.995,0.4154,1.0,0.587,0.6865,0.5369,0.6785,0.4328,0.6795
SMD,MTGFlow-syn-syn_0p4,0,0.7184,0.8395,0.0727,0.4244,0.1241,0.5618,0.9961,0.1542,0.9875,0.2668,0.7236,0.0871,0.7213,0.0867,0.6979
SMD,MTGFlow-syn-syn_0p4,1,0.7311,0.7781,0.0538,0.4394,0.0959,0.5774,0.9962,0.1139,0.9928,0.2044,0.7042,0.0737,0.7023,0.0734,0.6768
SMD,MTGFlow-syn-syn_0p4,2,0.7219,0.8697,0.0848,0.3944,0.1395,0.5674,0.9922,0.188,0.9858,0.3158,0.7268,0.0863,0.7237,0.086,0.7036
SWaT,MTGFlow-syn-syn_0p4,0,0.7593,0.7435,0.0917,0.6992,0.1621,0.6124,0.999,0.1261,1.0,0.224,0.8395,0.2639,0.8322,0.2554,0.7747
SWaT,MTGFlow-syn-syn_0p4,1,0.8252,0.9664,0.5599,0.2474,0.3431,0.7278,0.9526,0.7695,0.6493,0.7043,0.6045,0.2236,0.6121,0.2268,0.5655
SWaT,MTGFlow-syn-syn_0p4,2,0.7265,0.6656,0.0718,0.7063,0.1303,0.5708,0.999,0.0987,1.0,0.1797,0.8393,0.2426,0.8309,0.2366,0.7684
PSM,MTGFlow-syn-syn_0p4,0,0.7087,0.4957,0.3553,0.777,0.4876,0.5507,0.994,0.4149,1.0,0.5865,0.6348,0.4267,0.6276,0.4246,0.6182
PSM,MTGFlow-syn-syn_0p4,1,0.7188,0.5283,0.3651,0.7142,0.4832,0.5639,0.9913,0.4461,0.9999,0.6169,0.6136,0.4222,0.6075,0.4209,0.6304
PSM,MTGFlow-syn-syn_0p4,2,0.7022,0.4709,0.3448,0.7925,0.4805,0.5426,0.9949,0.3991,1.0,0.5705,0.6553,0.4992,0.6469,0.4958,0.6568
LTDB,MTGFlow-syn-syn_0p0,3,0.6085,0.8991,0.1097,0.0118,0.0213,0.496,0.787,0.8914,0.7847,0.8346,0.7514,0.2496,0.7517,0.2459,0.6878
LTDB,MTGFlow-syn-syn_0p0,4,0.6478,0.8989,0.099,0.0106,0.0192,0.6115,0.6886,0.8613,0.6006,0.7077,0.6406,0.1688,0.6446,0.2004,0.573
LTDB,MTGFlow-syn-syn_0p1,3,0.6773,0.899,0.1066,0.0115,0.0207,0.5761,0.8217,0.8866,0.7497,0.8124,0.6709,0.2009,0.6658,0.196,0.5619
LTDB,MTGFlow-syn-syn_0p1,4,0.6656,0.899,0.1082,0.0116,0.021,0.564,0.8118,0.8975,0.8388,0.8672,0.6298,0.1899,0.6334,0.192,0.5435
LTDB,MTGFlow-syn-syn_0p2,3,0.6079,0.8987,0.0913,0.0098,0.0177,0.499,0.7775,0.8611,0.6047,0.7105,0.6887,0.2142,0.6894,0.2117,0.6037
LTDB,MTGFlow-syn-syn_0p2,4,0.4908,0.8973,0.0214,0.0023,0.0042,0.3876,0.6687,0.7004,0.2456,0.3637,0.7198,0.2221,0.7194,0.2184,0.6532
LTDB,MTGFlow-syn-syn_0p3,3,0.6835,0.8998,0.1464,0.0157,0.0284,0.5696,0.8543,0.9091,0.9169,0.913,0.6816,0.2317,0.6784,0.2261,0.5828
SMD,MTGFlow-syn-syn_0p0,3,0.7274,0.7465,0.0553,0.5258,0.1,0.5728,0.9966,0.0995,0.9935,0.1809,0.717,0.1444,0.715,0.1433,0.6961
LTDB,MTGFlow-syn-syn_0p3,4,0.5422,0.8979,0.052,0.0056,0.0101,0.4421,0.7009,0.8004,0.4083,0.5407,0.6649,0.2203,0.6628,0.2153,0.5696
LTDB,MTGFlow-syn-syn_0p4,3,0.5741,0.898,0.0566,0.0061,0.011,0.5006,0.6729,0.815,0.4464,0.5768,0.6963,0.2023,0.6798,0.1937,0.579
LTDB,MTGFlow-syn-syn_0p4,4,0.702,0.8993,0.1219,0.0131,0.0236,0.6017,0.8424,0.9045,0.8932,0.8988,0.626,0.1882,0.6265,0.186,0.547
SMD,MTGFlow-syn-syn_0p0,4,0.7118,0.7782,0.0625,0.5205,0.1117,0.5534,0.9972,0.1121,0.9848,0.2013,0.7528,0.0928,0.7498,0.0922,0.7341
SWaT,MTGFlow-syn-syn_0p0,3,0.7834,0.8792,0.1648,0.5913,0.2578,0.6444,0.9987,0.2502,1.0,0.4003,0.8711,0.3501,0.8613,0.3414,0.8129
SWaT,MTGFlow-syn-syn_0p0,4,0.7635,0.8266,0.1173,0.5956,0.196,0.6181,0.9982,0.1824,1.0,0.3085,0.8614,0.362,0.8516,0.3539,0.7971
PSM,MTGFlow-syn-syn_0p0,3,0.7093,0.4826,0.3556,0.832,0.4983,0.5502,0.9978,0.3988,0.9999,0.5702,0.6383,0.4478,0.6308,0.4644,0.6464
PSM,MTGFlow-syn-syn_0p0,4,0.7348,0.5374,0.3904,0.8871,0.5422,0.5813,0.9984,0.4193,0.9999,0.5908,0.6761,0.4122,0.6723,0.452,0.6595
WADI,MTGFlow-syn-syn_0p0,3,0.7421,0.9436,0.4062,0.305,0.3484,0.6067,0.9554,0.671,0.9091,0.7721,0.862,0.4013,0.8495,0.3862,0.7996
WADI,MTGFlow-syn-syn_0p0,4,0.7491,0.9454,0.4274,0.3109,0.3599,0.6156,0.9564,0.6858,0.9091,0.7818,0.8567,0.3953,0.8318,0.3741,0.7439
SMD,MTGFlow-syn-syn_0p1,3,0.7107,0.8415,0.0741,0.4282,0.1264,0.553,0.9941,0.1555,0.9847,0.2686,0.7266,0.0739,0.7244,0.0738,0.7078
SMD,MTGFlow-syn-syn_0p1,4,0.7083,0.7998,0.0642,0.4773,0.1132,0.5498,0.9954,0.1256,0.9987,0.2231,0.7328,0.0757,0.7305,0.0756,0.7137
SWaT,MTGFlow-syn-syn_0p1,3,0.7161,0.7324,0.0766,0.5922,0.1357,0.5591,0.9956,0.1229,1.0,0.2189,0.7585,0.2477,0.7463,0.2421,0.6698
SWaT,MTGFlow-syn-syn_0p1,4,0.7085,0.8751,0.1049,0.3346,0.1597,0.5513,0.9912,0.2593,1.0,0.4119,0.7247,0.2509,0.7044,0.239,0.5846
PSM,MTGFlow-syn-syn_0p1,3,0.7061,0.4482,0.3409,0.8427,0.4854,0.5466,0.9971,0.3803,1.0,0.551,0.5818,0.4078,0.5755,0.4062,0.6187
PSM,MTGFlow-syn-syn_0p1,4,0.7071,0.4991,0.3617,0.8138,0.5009,0.548,0.9966,0.4105,1.0,0.5821,0.6548,0.4369,0.6525,0.4352,0.6486
WADI,MTGFlow-syn-syn_0p1,3,0.7891,0.9457,0.4286,0.2991,0.3523,0.6723,0.955,0.6951,0.9091,0.7878,0.8814,0.3832,0.8704,0.3804,0.8178
WADI,MTGFlow-syn-syn_0p1,4,0.7427,0.9425,0.3871,0.2815,0.326,0.6081,0.9539,0.671,0.9091,0.7721,0.897,0.4269,0.8827,0.4076,0.8284
SMD,MTGFlow-syn-syn_0p2,3,0.7418,0.7718,0.0578,0.492,0.1035,0.591,0.9961,0.1108,0.9982,0.1994,0.7582,0.1068,0.7558,0.0964,0.7418
SMD,MTGFlow-syn-syn_0p2,4,0.7192,0.866,0.0899,0.4392,0.1493,0.5636,0.9935,0.1815,0.9857,0.3066,0.741,0.1006,0.7385,0.0801,0.7237
SWaT,MTGFlow-syn-syn_0p2,3,0.7377,0.7262,0.0914,0.7516,0.163,0.5846,0.9992,0.1181,1.0,0.2112,0.8704,0.3518,0.8617,0.3464,0.8111
SWaT,MTGFlow-syn-syn_0p2,4,0.7261,0.5706,0.0623,0.79,0.1154,0.5702,0.9993,0.0775,1.0,0.1439,0.877,0.3268,0.8687,0.3181,0.8136
PSM,MTGFlow-syn-syn_0p2,3,0.707,0.3916,0.3198,0.8612,0.4664,0.5473,0.9985,0.3532,1.0,0.522,0.6592,0.4584,0.6499,0.4555,0.6412
PSM,MTGFlow-syn-syn_0p2,4,0.7029,0.3984,0.3277,0.9016,0.4807,0.5423,0.9985,0.3509,1.0,0.5195,0.6308,0.4085,0.6208,0.4068,0.6209
WADI,MTGFlow-syn-syn_0p2,3,0.7315,0.9472,0.4484,0.2933,0.3546,0.6164,0.8995,0.6045,0.5513,0.5767,0.9009,0.4145,0.8868,0.4057,0.8216
WADI,MTGFlow-syn-syn_0p2,4,0.6811,0.9319,0.0943,0.044,0.06,0.5475,0.9009,0.6547,0.8006,0.7203,0.8808,0.273,0.8725,0.2648,0.8234
SMD,MTGFlow-syn-syn_0p3,3,0.7358,0.8038,0.0595,0.4269,0.1044,0.5833,0.9963,0.1276,0.9875,0.226,0.7084,0.0779,0.7058,0.0776,0.6774
SMD,MTGFlow-syn-syn_0p3,4,0.7159,0.8609,0.0826,0.4149,0.1378,0.5592,0.9947,0.1777,0.9957,0.3016,0.7345,0.0876,0.7323,0.0873,0.7163
SWaT,MTGFlow-syn-syn_0p3,3,0.7703,0.8186,0.1156,0.6185,0.1948,0.6267,0.9991,0.1744,1.0,0.2971,0.8618,0.3215,0.8531,0.3125,0.7895
SWaT,MTGFlow-syn-syn_0p3,4,0.728,0.5719,0.0604,0.7602,0.1119,0.5725,0.9992,0.0779,1.0,0.1446,0.8614,0.2836,0.8537,0.2738,0.7947
PSM,MTGFlow-syn-syn_0p3,3,0.7036,0.4509,0.3398,0.8251,0.4813,0.5438,0.9964,0.3841,1.0,0.555,0.6456,0.4301,0.6366,0.4275,0.6335
PSM,MTGFlow-syn-syn_0p3,4,0.7279,0.598,0.4114,0.7007,0.5184,0.5756,0.99,0.4994,0.9999,0.6661,0.6912,0.4826,0.6852,0.4407,0.6839
WADI,MTGFlow-syn-syn_0p3,3,0.7906,0.9435,0.4016,0.2933,0.339,0.6745,0.955,0.6754,0.9091,0.775,0.8878,0.4057,0.8793,0.3988,0.8261
WADI,MTGFlow-syn-syn_0p3,4,0.7826,0.9388,0.3627,0.3138,0.3365,0.6624,0.9562,0.6225,0.9091,0.739,0.8846,0.3728,0.8729,0.3687,0.8198
SMD,MTGFlow-syn-syn_0p4,3,0.7446,0.8501,0.0783,0.4265,0.1322,0.5989,0.9839,0.165,0.9928,0.283,0.7178,0.1042,0.7155,0.1039,0.6903
SMD,MTGFlow-syn-syn_0p4,4,0.7203,0.803,0.0595,0.4294,0.1045,0.564,0.9966,0.1284,0.9993,0.2275,0.7046,0.0641,0.7017,0.0639,0.6752
SWaT,MTGFlow-syn-syn_0p4,3,0.7362,0.7841,0.1027,0.6573,0.1776,0.5829,0.9989,0.1483,1.0,0.2583,0.8483,0.2376,0.8388,0.2296,0.7845
SWaT,MTGFlow-syn-syn_0p4,4,0.7458,0.7946,0.1041,0.6303,0.1787,0.595,0.9989,0.1557,1.0,0.2695,0.8567,0.2843,0.8458,0.2763,0.7807
PSM,MTGFlow-syn-syn_0p4,3,0.7009,0.5004,0.3603,0.7966,0.4962,0.5414,0.9939,0.4142,1.0,0.5857,0.6246,0.421,0.6181,0.4195,0.6352
PSM,MTGFlow-syn-syn_0p4,4,0.705,0.4318,0.3344,0.8484,0.4798,0.5457,0.9956,0.372,1.0,0.5422,0.6783,0.512,0.6702,0.4289,0.6709
WADI,MTGFlow-syn-syn_0p4,3,0.7635,0.943,0.3879,0.2639,0.3141,0.636,0.9548,0.6858,0.9091,0.7818,0.8776,0.3874,0.8625,0.3642,0.8174
WADI,MTGFlow-syn-syn_0p4,4,0.7869,0.9445,0.4118,0.2874,0.3385,0.6698,0.9536,0.6889,0.9091,0.7838,0.8954,0.3255,0.8839,0.311,0.839
