data_name,algo,seed,affiliation_f,accuracy,precision,recall,f_score,affiliation_precision,affiliation_recall,adjust_precision,adjust_recall,adjust_f_score,R_AUC_ROC,R_AUC_PR,VUS_ROC,VUS_PR,auc_roc
WADI,MSHTrans-syn-syn_0p0,0,0.6788,0.9404,0.3318,0.2053,0.2536,0.5453,0.8989,0.6941,0.9384,0.798,0.8892,0.3484,0.8826,0.3322,0.8481
WADI,MSHTrans-syn-syn_0p0,1,0.6751,0.9395,0.3175,0.1965,0.2428,0.5329,0.921,0.6897,0.9384,0.795,0.8907,0.3786,0.8825,0.3534,0.8437
WADI,MSHTrans-syn-syn_0p0,2,0.7176,0.9371,0.3321,0.2727,0.2995,0.5865,0.924,0.6312,0.9384,0.7547,0.9065,0.407,0.896,0.3843,0.8553
WADI,MSHTrans-syn-syn_0p0,3,0.7379,0.9258,0.2543,0.261,0.2576,0.602,0.9529,0.5508,0.9384,0.6941,0.8883,0.3382,0.8805,0.3259,0.842
LTDB,MSHTrans-syn-syn_0p0,0,0.7011,0.8669,0.1551,0.0421,0.0662,0.5822,0.8809,0.8128,0.9948,0.8947,0.656,0.2247,0.6545,0.2217,0.5631
LTDB,MSHTrans-syn-syn_0p0,1,0.6731,0.8646,0.1179,0.032,0.0503,0.5471,0.8744,0.8014,0.965,0.8756,0.6944,0.2394,0.6905,0.2354,0.5952
LTDB,MSHTrans-syn-syn_0p0,2,0.6637,0.8643,0.1125,0.0305,0.048,0.53,0.8875,0.8015,0.9718,0.8785,0.6726,0.2359,0.6651,0.2281,0.5837
SWaT,MSHTrans-syn-syn_0p0,0,0.788,0.958,0.3381,0.1936,0.2462,0.6705,0.9555,0.7251,1.0,0.8407,0.8718,0.2865,0.8656,0.2769,0.8283
SWaT,MSHTrans-syn-syn_0p0,1,0.7792,0.9627,0.4118,0.1185,0.184,0.6675,0.9359,0.8363,0.8646,0.8502,0.8665,0.2794,0.859,0.2712,0.8087
SWaT,MSHTrans-syn-syn_0p0,2,0.8143,0.9586,0.3528,0.202,0.257,0.6938,0.9855,0.7296,1.0,0.8437,0.8759,0.304,0.8663,0.2899,0.8076
SWaT,MSHTrans-syn-syn_0p0,3,0.761,0.9568,0.31,0.1775,0.2258,0.642,0.9342,0.7017,0.9293,0.7996,0.8731,0.2452,0.8671,0.2851,0.8246
SWaT,MSHTrans-syn-syn_0p0,4,0.803,0.9575,0.327,0.1872,0.2381,0.6909,0.9585,0.7218,1.0,0.8384,0.8491,0.2628,0.8406,0.2836,0.7758
SWaT,MSHTrans-syn-syn_0p1,0,0.8175,0.9569,0.3107,0.1779,0.2262,0.7007,0.9812,0.717,1.0,0.8352,0.8783,0.2873,0.8717,0.2766,0.8267
SWaT,MSHTrans-syn-syn_0p1,1,0.8519,0.9651,0.5251,0.1511,0.2347,0.7572,0.9738,0.8798,1.0,0.9361,0.8815,0.3191,0.8758,0.3105,0.8322
SWaT,MSHTrans-syn-syn_0p1,2,0.7917,0.9658,0.5625,0.1618,0.2514,0.6875,0.9331,0.8729,0.8646,0.8687,0.8534,0.305,0.8474,0.2958,0.7975
SWaT,MSHTrans-syn-syn_0p1,3,0.778,0.9576,0.3285,0.1881,0.2392,0.6494,0.9701,0.7223,1.0,0.8387,0.8829,0.2948,0.8777,0.2865,0.844
SWaT,MSHTrans-syn-syn_0p1,4,0.7595,0.9632,0.4357,0.1254,0.1947,0.6384,0.9372,0.8513,0.9293,0.8886,0.8662,0.2663,0.861,0.261,0.8254
SWaT,MSHTrans-syn-syn_0p2,0,0.8374,0.9645,0.4988,0.1435,0.2229,0.7413,0.9622,0.8664,0.9353,0.8995,0.8838,0.2941,0.878,0.2865,0.8395
SWaT,MSHTrans-syn-syn_0p2,1,0.7925,0.9641,0.4804,0.1382,0.2147,0.7119,0.8938,0.8526,0.8646,0.8585,0.8779,0.2954,0.8719,0.2873,0.8259
SWaT,MSHTrans-syn-syn_0p2,2,0.7795,0.9649,0.5196,0.1495,0.2322,0.6682,0.9352,0.8705,0.9293,0.899,0.8806,0.319,0.8746,0.3103,0.8281
SWaT,MSHTrans-syn-syn_0p2,3,0.7589,0.9634,0.4418,0.1271,0.1974,0.6405,0.931,0.8433,0.8646,0.8538,0.8719,0.2687,0.8654,0.261,0.8244
SWaT,MSHTrans-syn-syn_0p2,4,0.7739,0.9638,0.4638,0.1335,0.2073,0.6566,0.9422,0.8584,0.9353,0.8952,0.8647,0.2683,0.8569,0.2582,0.8037
SWaT,MSHTrans-syn-syn_0p3,0,0.8242,0.9642,0.4828,0.1389,0.2158,0.7161,0.9709,0.8495,0.8401,0.8448,0.8789,0.2876,0.8724,0.2782,0.8338
SWaT,MSHTrans-syn-syn_0p3,1,0.8111,0.9641,0.4779,0.1375,0.2136,0.6937,0.9763,0.8616,0.9353,0.8969,0.873,0.2856,0.8666,0.2786,0.8221
SWaT,MSHTrans-syn-syn_0p3,2,0.7682,0.9575,0.326,0.1867,0.2374,0.6382,0.9647,0.7215,1.0,0.8382,0.871,0.2868,0.8645,0.2793,0.8165
SWaT,MSHTrans-syn-syn_0p3,3,0.7623,0.9636,0.4547,0.1308,0.2032,0.6448,0.9321,0.8464,0.8646,0.8554,0.8654,0.2723,0.8597,0.2667,0.822
SWaT,MSHTrans-syn-syn_0p3,4,0.7774,0.9637,0.4602,0.1324,0.2056,0.6623,0.9411,0.8656,1.0,0.9279,0.8576,0.2666,0.8507,0.2591,0.8029
SWaT,MSHTrans-syn-syn_0p4,0,0.8052,0.9563,0.298,0.1707,0.217,0.6819,0.983,0.7133,1.0,0.8326,0.8723,0.2571,0.8651,0.2487,0.8218
SWaT,MSHTrans-syn-syn_0p4,1,0.8096,0.9636,0.4559,0.1312,0.2037,0.7007,0.9586,0.8566,0.9353,0.8942,0.8706,0.277,0.8646,0.2738,0.8186
SWaT,MSHTrans-syn-syn_0p4,2,0.8386,0.964,0.4737,0.1363,0.2117,0.7429,0.9625,0.8606,0.9353,0.8964,0.8749,0.2853,0.8671,0.2748,0.8196
SWaT,MSHTrans-syn-syn_0p4,3,0.784,0.9648,0.5116,0.1472,0.2286,0.6786,0.9283,0.8602,0.8646,0.8624,0.8536,0.2737,0.8468,0.2671,0.8026
SWaT,MSHTrans-syn-syn_0p4,4,0.7491,0.9636,0.4528,0.1303,0.2024,0.6186,0.9496,0.8551,0.9293,0.8907,0.8631,0.2661,0.8565,0.2571,0.813
WADI,MSHTrans-syn-syn_0p0,4,0.7391,0.9473,0.4184,0.173,0.2448,0.6108,0.9358,0.75,0.7214,0.7354,0.8654,0.3088,0.8476,0.2915,0.7994
WADI,MSHTrans-syn-syn_0p1,0,0.7199,0.9375,0.2844,0.176,0.2174,0.5944,0.9125,0.6794,0.9384,0.7882,0.8758,0.3062,0.8684,0.2917,0.8474
WADI,MSHTrans-syn-syn_0p1,1,0.6984,0.9404,0.3318,0.2053,0.2536,0.5654,0.913,0.6941,0.9384,0.798,0.8994,0.3793,0.8911,0.3598,0.8456
WADI,MSHTrans-syn-syn_0p1,2,0.7614,0.9319,0.3143,0.3226,0.3184,0.6427,0.9339,0.5714,0.9384,0.7103,0.9068,0.3651,0.8939,0.3465,0.8602
WADI,MSHTrans-syn-syn_0p1,3,0.6979,0.9249,0.2457,0.2522,0.2489,0.5573,0.9332,0.5479,0.9384,0.6919,0.8648,0.3194,0.8568,0.3067,0.8105
WADI,MSHTrans-syn-syn_0p1,4,0.6905,0.9387,0.2057,0.085,0.1203,0.5502,0.9266,0.6957,0.7507,0.7221,0.8571,0.2847,0.8432,0.2709,0.7945
WADI,MSHTrans-syn-syn_0p2,0,0.7207,0.9439,0.3333,0.1378,0.195,0.5989,0.9046,0.7235,0.7214,0.7225,0.8983,0.374,0.8876,0.3563,0.8334
WADI,MSHTrans-syn-syn_0p2,1,0.6821,0.947,0.4113,0.1701,0.2407,0.5578,0.8776,0.7888,0.9091,0.8447,0.8908,0.3682,0.88,0.3468,0.8213
WADI,MSHTrans-syn-syn_0p2,2,0.7427,0.943,0.3744,0.2317,0.2862,0.637,0.8903,0.6508,0.7214,0.6843,0.9074,0.377,0.8957,0.3554,0.854
WADI,MSHTrans-syn-syn_0p2,3,0.7158,0.9269,0.2657,0.2727,0.2692,0.581,0.9321,0.5546,0.9384,0.6972,0.8736,0.3184,0.8662,0.3051,0.8137
WADI,MSHTrans-syn-syn_0p2,4,0.7256,0.9304,0.25,0.2053,0.2254,0.5883,0.9466,0.5494,0.7507,0.6344,0.8714,0.285,0.8496,0.2703,0.8029
WADI,MSHTrans-syn-syn_0p3,0,0.7703,0.9339,0.2929,0.2405,0.2641,0.6514,0.9422,0.6102,0.9091,0.7303,0.8748,0.2988,0.8681,0.29,0.8157
WADI,MSHTrans-syn-syn_0p3,1,0.7318,0.941,0.3412,0.2111,0.2609,0.6091,0.9164,0.6481,0.7507,0.6957,0.8902,0.3696,0.8773,0.3459,0.8065
WADI,MSHTrans-syn-syn_0p3,2,0.7607,0.9413,0.346,0.2141,0.2645,0.6541,0.9089,0.6497,0.7507,0.6966,0.9112,0.3687,0.8999,0.3499,0.8525
WADI,MSHTrans-syn-syn_0p3,3,0.7193,0.9345,0.3,0.2463,0.2705,0.5818,0.9419,0.5566,0.7214,0.6284,0.8611,0.3024,0.8502,0.2856,0.7936
WADI,MSHTrans-syn-syn_0p3,4,0.6817,0.9363,0.2654,0.1642,0.2029,0.5465,0.9059,0.6135,0.7214,0.6631,0.8668,0.2981,0.8479,0.2806,0.8055
WADI,MSHTrans-syn-syn_0p4,0,0.6476,0.9444,0.1972,0.0411,0.068,0.5538,0.7796,0.8119,0.7214,0.764,0.8764,0.3315,0.8673,0.3174,0.8151
WADI,MSHTrans-syn-syn_0p4,1,0.7159,0.9479,0.4326,0.1789,0.2531,0.5872,0.9167,0.7661,0.7683,0.7672,0.8833,0.3547,0.8703,0.3134,0.8029
WADI,MSHTrans-syn-syn_0p4,2,0.6495,0.9476,0.3521,0.0733,0.1214,0.5573,0.7783,0.8425,0.7214,0.7773,0.9003,0.3621,0.8905,0.3166,0.8415
WADI,MSHTrans-syn-syn_0p4,3,0.7522,0.9076,0.2339,0.3842,0.2908,0.6097,0.9817,0.4429,1.0,0.6139,0.8887,0.3556,0.878,0.3259,0.8161
WADI,MSHTrans-syn-syn_0p4,4,0.7519,0.933,0.2821,0.2317,0.2544,0.6208,0.9531,0.6142,0.9384,0.7425,0.8988,0.347,0.8896,0.3107,0.8401
SMD,MSHTrans-syn-syn_0p0,0,0.6699,0.9599,0.1727,0.131,0.149,0.7907,0.5811,0.5726,0.8401,0.681,0.6888,0.0786,0.687,0.1185,0.6743
SMD,MSHTrans-syn-syn_0p0,1,0.5628,0.9704,0.3613,0.1376,0.1993,0.6996,0.4708,0.7548,0.7488,0.7518,0.6457,0.0975,0.6436,0.1172,0.6264
SMD,MSHTrans-syn-syn_0p0,2,0.4961,0.9703,0.3548,0.1351,0.1957,0.714,0.3801,0.7461,0.7221,0.7339,0.676,0.0932,0.6741,0.1131,0.6628
SMD,MSHTrans-syn-syn_0p0,3,0.6359,0.9623,0.231,0.1751,0.1992,0.7048,0.5793,0.589,0.8354,0.6909,0.6437,0.1025,0.6416,0.1024,0.6197
SMD,MSHTrans-syn-syn_0p0,4,0.5689,0.9704,0.3626,0.1381,0.2,0.7744,0.4496,0.7516,0.7344,0.7429,0.6911,0.1062,0.689,0.106,0.6734
SMD,MSHTrans-syn-syn_0p1,0,0.6838,0.9689,0.2896,0.1103,0.1597,0.7738,0.6126,0.7592,0.8529,0.8033,0.7167,0.1003,0.7143,0.1003,0.6937
SMD,MSHTrans-syn-syn_0p1,1,0.6414,0.9696,0.3241,0.1235,0.1788,0.7202,0.5782,0.7624,0.8261,0.793,0.6612,0.0936,0.6592,0.0935,0.6333
SMD,MSHTrans-syn-syn_0p1,2,0.6666,0.9708,0.3815,0.1453,0.2104,0.7756,0.5845,0.7844,0.857,0.8191,0.6986,0.1216,0.6966,0.1215,0.6727
SMD,MSHTrans-syn-syn_0p1,3,0.7041,0.9706,0.3696,0.1408,0.2039,0.7524,0.6616,0.7834,0.8685,0.8238,0.6866,0.1187,0.6843,0.1185,0.663
SMD,MSHTrans-syn-syn_0p1,4,0.7118,0.9712,0.4003,0.1524,0.2208,0.743,0.6832,0.7888,0.853,0.8197,0.7184,0.1356,0.7165,0.1356,0.701
SMD,MSHTrans-syn-syn_0p2,0,0.7187,0.9691,0.2983,0.1136,0.1646,0.7707,0.6733,0.7667,0.878,0.8186,0.6935,0.0946,0.6915,0.0947,0.6675
SMD,MSHTrans-syn-syn_0p2,1,0.5805,0.9704,0.3613,0.1376,0.1993,0.6952,0.4983,0.7737,0.8317,0.8017,0.685,0.1025,0.6835,0.1024,0.6591
SMD,MSHTrans-syn-syn_0p2,2,0.6736,0.9699,0.3381,0.1288,0.1865,0.7084,0.6421,0.7702,0.8451,0.8059,0.6992,0.107,0.6973,0.1069,0.6733
SMD,MSHTrans-syn-syn_0p2,3,0.6407,0.9711,0.3941,0.1501,0.2174,0.6931,0.5957,0.7864,0.8496,0.8168,0.6706,0.1149,0.6687,0.1146,0.6482
SMD,MSHTrans-syn-syn_0p2,4,0.7295,0.9698,0.3338,0.1271,0.1841,0.7939,0.6747,0.7685,0.8426,0.8038,0.6938,0.1081,0.6918,0.1081,0.6676
SMD,MSHTrans-syn-syn_0p3,0,0.641,0.9687,0.2773,0.1056,0.153,0.689,0.5993,0.7608,0.8752,0.814,0.7285,0.096,0.7261,0.0961,0.7014
SMD,MSHTrans-syn-syn_0p3,1,0.6697,0.9701,0.3451,0.1315,0.1904,0.6666,0.6729,0.7806,0.8872,0.8305,0.6945,0.1106,0.6927,0.1105,0.6657
SMD,MSHTrans-syn-syn_0p3,2,0.7073,0.9702,0.3508,0.1336,0.1935,0.7553,0.665,0.7787,0.8702,0.8219,0.6965,0.1152,0.6946,0.1152,0.6662
SMD,MSHTrans-syn-syn_0p3,3,0.6435,0.9708,0.3819,0.1455,0.2107,0.7243,0.5788,0.7805,0.8371,0.8078,0.6935,0.1127,0.6912,0.1125,0.6699
SMD,MSHTrans-syn-syn_0p3,4,0.7005,0.9703,0.3574,0.1361,0.1972,0.6888,0.7126,0.7853,0.8954,0.8367,0.7074,0.1164,0.7055,0.1164,0.6824
SMD,MSHTrans-syn-syn_0p4,0,0.7175,0.97,0.3412,0.13,0.1882,0.7045,0.7309,0.7829,0.9049,0.8395,0.7135,0.1129,0.7112,0.113,0.6866
SMD,MSHTrans-syn-syn_0p4,1,0.6522,0.9705,0.3666,0.1396,0.2022,0.6703,0.6351,0.7791,0.851,0.8135,0.7075,0.1245,0.7055,0.1243,0.6779
SMD,MSHTrans-syn-syn_0p4,2,0.6562,0.9701,0.3478,0.1325,0.1918,0.7069,0.6124,0.7689,0.8267,0.7968,0.6944,0.1137,0.6922,0.1137,0.6614
SMD,MSHTrans-syn-syn_0p4,3,0.636,0.9705,0.3653,0.1391,0.2015,0.6942,0.5868,0.7779,0.8467,0.8108,0.6829,0.1088,0.681,0.1087,0.6587
SMD,MSHTrans-syn-syn_0p4,4,0.6954,0.9691,0.3001,0.1143,0.1655,0.6499,0.7477,0.7652,0.8685,0.8136,0.6838,0.1002,0.6815,0.0997,0.6539
PSM,MSHTrans-syn-syn_0p0,0,0.5977,0.6853,0.4913,0.514,0.5024,0.7341,0.5041,0.6253,0.8881,0.7339,0.6051,0.4488,0.5985,0.4457,0.6471
PSM,MSHTrans-syn-syn_0p0,1,0.4475,0.6967,0.511,0.4344,0.4696,0.6549,0.3399,0.6795,0.8814,0.7674,0.6088,0.4366,0.603,0.4348,0.6479
LTDB,MSHTrans-syn-syn_0p0,3,0.6765,0.8744,0.1688,0.0306,0.0517,0.571,0.83,0.8653,0.9664,0.913,0.7096,0.2753,0.703,0.2674,0.6079
PSM,MSHTrans-syn-syn_0p0,2,0.5573,0.7006,0.5164,0.4896,0.5027,0.6935,0.4658,0.6595,0.8879,0.7568,0.6176,0.4576,0.6123,0.4549,0.6627
PSM,MSHTrans-syn-syn_0p0,3,0.5338,0.6869,0.4936,0.5002,0.4969,0.7077,0.4285,0.6337,0.8879,0.7396,0.6169,0.4539,0.612,0.4518,0.6661
LTDB,MSHTrans-syn-syn_0p0,4,0.7046,0.8686,0.1833,0.0497,0.0782,0.5839,0.8882,0.8172,0.99,0.8954,0.6695,0.2435,0.6592,0.2541,0.5682
PSM,MSHTrans-syn-syn_0p0,4,0.5577,0.7015,0.5181,0.4912,0.5043,0.7109,0.4588,0.6603,0.8879,0.7573,0.6035,0.4423,0.5996,0.4402,0.6461
PSM,MSHTrans-syn-syn_0p1,0,0.6191,0.6819,0.486,0.5084,0.4969,0.7026,0.5533,0.6281,0.9082,0.7426,0.6092,0.4417,0.6039,0.4399,0.6531
LTDB,MSHTrans-syn-syn_0p1,0,0.6978,0.8672,0.1596,0.0433,0.0681,0.5763,0.8841,0.8133,0.9927,0.8941,0.6503,0.2286,0.6472,0.2241,0.5547
PSM,MSHTrans-syn-syn_0p1,1,0.4305,0.676,0.4507,0.2211,0.2966,0.6133,0.3316,0.7453,0.7887,0.7664,0.6136,0.4395,0.6056,0.437,0.6479
PSM,MSHTrans-syn-syn_0p1,2,0.4632,0.6934,0.5303,0.0695,0.1229,0.6282,0.3668,0.9276,0.7885,0.8524,0.6268,0.4542,0.6183,0.4506,0.6609
LTDB,MSHTrans-syn-syn_0p1,1,0.7152,0.8677,0.1674,0.0454,0.0714,0.5951,0.8961,0.8147,0.9925,0.8949,0.7059,0.2588,0.6977,0.2513,0.5911
PSM,MSHTrans-syn-syn_0p1,3,0.5911,0.6644,0.4614,0.5128,0.4857,0.6538,0.5394,0.6027,0.908,0.7245,0.6212,0.4538,0.617,0.4523,0.6736
PSM,MSHTrans-syn-syn_0p1,4,0.3854,0.6862,0.4215,0.0415,0.0755,0.6194,0.2797,0.9327,0.7893,0.855,0.6214,0.4481,0.6166,0.446,0.6575
LTDB,MSHTrans-syn-syn_0p1,2,0.7116,0.8676,0.1669,0.0452,0.0712,0.591,0.8941,0.8146,0.9925,0.8948,0.7033,0.2678,0.6917,0.2576,0.586
PSM,MSHTrans-syn-syn_0p2,0,0.6698,0.6641,0.461,0.5123,0.4853,0.6946,0.6468,0.611,0.9408,0.7408,0.5989,0.4342,0.593,0.4321,0.6408
PSM,MSHTrans-syn-syn_0p2,1,0.4786,0.6724,0.4294,0.1826,0.2562,0.6246,0.3879,0.7691,0.8084,0.7883,0.6088,0.4345,0.6005,0.4322,0.6408
LTDB,MSHTrans-syn-syn_0p1,3,0.7192,0.8702,0.21,0.0569,0.0896,0.5991,0.8996,0.8215,0.9858,0.8962,0.7191,0.2845,0.7071,0.2716,0.6013
PSM,MSHTrans-syn-syn_0p2,2,0.4118,0.6872,0.4072,0.0268,0.0502,0.659,0.2995,0.9529,0.7884,0.8629,0.6235,0.4454,0.6157,0.4429,0.6529
PSM,MSHTrans-syn-syn_0p2,3,0.4924,0.7134,0.5528,0.3796,0.4501,0.6441,0.3985,0.7459,0.9014,0.8163,0.6382,0.4627,0.634,0.4608,0.6837
LTDB,MSHTrans-syn-syn_0p1,4,0.7123,0.8689,0.1873,0.0508,0.0799,0.5904,0.8977,0.8194,1.0,0.9008,0.6511,0.2305,0.6418,0.2226,0.5486
PSM,MSHTrans-syn-syn_0p2,4,0.4191,0.7024,0.5942,0.1167,0.1951,0.6826,0.3024,0.9083,0.7893,0.8446,0.6226,0.4604,0.6193,0.4586,0.6742
PSM,MSHTrans-syn-syn_0p3,0,0.5888,0.6644,0.4613,0.5127,0.4857,0.6871,0.5151,0.5977,0.8896,0.715,0.5964,0.429,0.5899,0.4263,0.6378
PSM,MSHTrans-syn-syn_0p3,1,0.4461,0.6779,0.3925,0.0771,0.1289,0.666,0.3354,0.8714,0.8084,0.8387,0.6142,0.4363,0.6078,0.4349,0.6484
LTDB,MSHTrans-syn-syn_0p2,0,0.7044,0.8669,0.1553,0.0421,0.0662,0.5839,0.8876,0.8125,0.9925,0.8936,0.6537,0.2275,0.651,0.2231,0.56
PSM,MSHTrans-syn-syn_0p3,2,0.5458,0.6814,0.4526,0.1481,0.2232,0.6014,0.4997,0.834,0.8997,0.8656,0.6259,0.4386,0.6188,0.4372,0.6588
PSM,MSHTrans-syn-syn_0p3,3,0.4689,0.7146,0.5687,0.3162,0.4064,0.6367,0.371,0.7899,0.9014,0.842,0.6448,0.4665,0.6407,0.4649,0.6931
LTDB,MSHTrans-syn-syn_0p2,1,0.7353,0.8691,0.192,0.0521,0.0819,0.6214,0.9004,0.8203,1.0,0.9013,0.7051,0.2605,0.6956,0.2515,0.588
PSM,MSHTrans-syn-syn_0p3,4,0.4447,0.6986,0.5378,0.176,0.2652,0.6676,0.3334,0.8395,0.791,0.8146,0.6096,0.4466,0.6054,0.4445,0.6549
PSM,MSHTrans-syn-syn_0p4,0,0.4543,0.6981,0.5252,0.2405,0.3299,0.6841,0.3401,0.7842,0.7899,0.7871,0.6073,0.4385,0.6004,0.4355,0.6457
LTDB,MSHTrans-syn-syn_0p2,2,0.7114,0.8678,0.1693,0.0459,0.0722,0.5909,0.8934,0.814,0.9858,0.8917,0.683,0.2496,0.6723,0.2403,0.567
PSM,MSHTrans-syn-syn_0p4,1,0.4374,0.6712,0.3913,0.1152,0.178,0.6274,0.3357,0.8185,0.8084,0.8134,0.6095,0.4347,0.603,0.4327,0.6456
PSM,MSHTrans-syn-syn_0p4,2,0.5422,0.681,0.4387,0.1149,0.182,0.6435,0.4684,0.8596,0.8998,0.8792,0.6182,0.4343,0.6116,0.4327,0.655
LTDB,MSHTrans-syn-syn_0p2,3,0.7092,0.8695,0.1981,0.0537,0.0845,0.5823,0.9067,0.8198,0.9892,0.8966,0.7175,0.2836,0.7055,0.2705,0.6018
PSM,MSHTrans-syn-syn_0p4,3,0.5749,0.6937,0.5046,0.4949,0.4997,0.6651,0.5063,0.6575,0.9326,0.7712,0.6334,0.4606,0.6295,0.4588,0.6823
PSM,MSHTrans-syn-syn_0p4,4,0.4328,0.6973,0.5526,0.1085,0.1814,0.6406,0.3268,0.8998,0.7893,0.841,0.619,0.4524,0.6133,0.4496,0.6592
LTDB,MSHTrans-syn-syn_0p2,4,0.7078,0.8683,0.1783,0.0483,0.0761,0.5856,0.8946,0.8178,1.0,0.8998,0.6422,0.2171,0.6325,0.2104,0.5326
LTDB,MSHTrans-syn-syn_0p3,0,0.7022,0.8664,0.1475,0.04,0.0629,0.582,0.8848,0.8088,0.9775,0.8851,0.6486,0.2226,0.645,0.2177,0.5523
LTDB,MSHTrans-syn-syn_0p3,1,0.7525,0.8707,0.2178,0.059,0.0929,0.6459,0.9013,0.825,1.0,0.9041,0.6952,0.2563,0.6855,0.2467,0.5797
LTDB,MSHTrans-syn-syn_0p4,1,0.7673,0.8722,0.2426,0.0658,0.1035,0.6657,0.9054,0.8296,1.0,0.9069,0.6959,0.2599,0.6861,0.25,0.5808
LTDB,MSHTrans-syn-syn_0p3,2,0.7098,0.8676,0.1671,0.0453,0.0713,0.5894,0.892,0.8135,0.9853,0.8912,0.6689,0.2366,0.658,0.2275,0.551
LTDB,MSHTrans-syn-syn_0p4,2,0.7126,0.8678,0.17,0.0461,0.0725,0.5905,0.8984,0.8152,0.9925,0.8952,0.6609,0.2305,0.6524,0.2235,0.5481
LTDB,MSHTrans-syn-syn_0p3,3,0.7145,0.8699,0.2048,0.0555,0.0874,0.5899,0.9059,0.8195,0.9791,0.8922,0.7134,0.2785,0.7018,0.2662,0.5965
LTDB,MSHTrans-syn-syn_0p4,3,0.7174,0.8699,0.205,0.0556,0.0874,0.5927,0.9088,0.8211,0.9892,0.8973,0.713,0.2775,0.7016,0.2654,0.5972
LTDB,MSHTrans-syn-syn_0p3,4,0.7013,0.8672,0.1603,0.0435,0.0684,0.5795,0.8878,0.8124,0.9858,0.8907,0.6325,0.2099,0.624,0.204,0.5208
LTDB,MSHTrans-syn-syn_0p4,4,0.6961,0.8665,0.1491,0.0404,0.0636,0.5741,0.8837,0.8092,0.9787,0.886,0.6272,0.2048,0.6186,0.1993,0.5115
LTDB,MSHTrans-syn-syn_0p4,0,0.6987,0.8659,0.1394,0.0378,0.0595,0.5789,0.881,0.8073,0.9775,0.8843,0.6444,0.2191,0.6406,0.214,0.5477
