data_name,algo,num_patch,gamma,affiliation_f,accuracy,precision,recall,f_score,affiliation_precision,affiliation_recall,adjust_precision,adjust_recall,adjust_f_score,R_AUC_ROC,R_AUC_PR,VUS_ROC,VUS_PR,auc_roc
SMD,CP-MAE,"[4, 8]",0,0.8625,0.9709,0.5364,0.1696,0.2687,0.8668,0.8533,0.8687,0.9102,0.8841,0.8287,0.2443,0.8281,0.2451,0.8186
SMD,CP-MAE,"[4, 8]",0,0.8634,0.9729,0.4812,0.1624,0.2429,0.8554,0.8716,0.8402,0.9207,0.8786,0.8254,0.2118,0.8219,0.2113,0.8005
SMD,CP-MAE,"[4, 8]",0,0.8577,0.974,0.5478,0.1804,0.2715,0.8462,0.8695,0.8614,0.9254,0.8922,0.8373,0.2455,0.8338,0.2441,0.8135
SMD,CP-MAE,"[4, 8]",0,0.8575,0.9718,0.4845,0.1787,0.2634,0.86,0.855,0.8262,0.9191,0.8709,0.8346,0.2164,0.8323,0.2145,0.816
SMD,CP-MAE,"[4, 8]",0,0.8659,0.9731,0.4948,0.1814,0.2655,0.8613,0.8706,0.8332,0.9254,0.8769,0.8442,0.2374,0.8413,0.2366,0.8256
WADI,CP-MAE,"[4, 8]",0,0.731,0.9528,0.5882,0.2346,0.3354,0.6384,0.8549,0.7705,0.5513,0.6427,0.8714,0.3413,0.855,0.3362,0.774
WADI,CP-MAE,"[4, 8]",0,0.7307,0.9524,0.5778,0.2287,0.3277,0.6388,0.8536,0.7673,0.5513,0.6416,0.8849,0.3454,0.8679,0.3397,0.7884
WADI,CP-MAE,"[4, 8]",0,0.731,0.9528,0.5882,0.2346,0.3354,0.6384,0.8549,0.7705,0.5513,0.6427,0.88,0.3459,0.8636,0.34,0.785
WADI,CP-MAE,"[4, 8]",0,0.7302,0.9524,0.5789,0.2258,0.3249,0.6384,0.8529,0.7705,0.5513,0.6427,0.8702,0.3291,0.8528,0.3252,0.7693
WADI,CP-MAE,"[4, 8]",0,0.7302,0.9524,0.5789,0.2258,0.3249,0.6384,0.8529,0.7705,0.5513,0.6427,0.8747,0.3379,0.8586,0.3344,0.7787
PSM,CP-MAE,"[4, 8]",0,0.7835,0.6102,0.4149,0.6366,0.5024,0.6653,0.9529,0.5219,0.9799,0.681,0.6693,0.5413,0.6598,0.5321,0.6855
PSM,CP-MAE,"[4, 8]",0,0.7636,0.6215,0.4244,0.6299,0.5071,0.6483,0.9288,0.5261,0.9486,0.6768,0.6581,0.4994,0.6507,0.495,0.6729
PSM,CP-MAE,"[4, 8]",0,0.7835,0.6102,0.4149,0.6366,0.5024,0.6653,0.9529,0.5219,0.9799,0.681,0.6693,0.5413,0.6598,0.5321,0.6855
PSM,CP-MAE,"[4, 8]",0,0.7636,0.6215,0.4244,0.6299,0.5071,0.6483,0.9288,0.5261,0.9486,0.6768,0.6581,0.4994,0.6507,0.495,0.6729
PSM,CP-MAE,"[4, 8]",0,0.7455,0.6034,0.4093,0.6387,0.4989,0.6307,0.9112,0.505,0.9403,0.6571,0.6697,0.5475,0.6614,0.54,0.6887
LTDB,CP-MAE,"[4, 8]",0,0.7798,0.7997,0.2344,0.3461,0.2795,0.6616,0.9494,0.4694,1.0,0.6389,0.7619,0.3131,0.7512,0.3024,0.6517
LTDB,CP-MAE,"[4, 8]",0,0.7766,0.7926,0.2261,0.3497,0.2747,0.6568,0.95,0.4552,1.0,0.6256,0.7647,0.3129,0.7547,0.3022,0.6598
LTDB,CP-MAE,"[4, 8]",0,0.777,0.7966,0.2313,0.3493,0.2783,0.6572,0.95,0.4627,1.0,0.6327,0.7677,0.3161,0.7574,0.3049,0.6629
LTDB,CP-MAE,"[4, 8]",0,0.7805,0.8018,0.2371,0.3451,0.2811,0.663,0.9487,0.4739,1.0,0.643,0.7627,0.3135,0.7525,0.3028,0.6569
LTDB,CP-MAE,"[4, 8]",0,0.7803,0.8036,0.2379,0.3401,0.28,0.6624,0.9492,0.4786,1.0,0.6474,0.7641,0.3142,0.7544,0.3033,0.6616
SWaT,CP-MAE,"[4, 8]",0,0.0,0.0,0.0,0.0,0.0,0.0,0.0,0.0,0.0,0.0,0.8772,0.2142,0.8658,0.2017,0.8062
SWaT,CP-MAE,"[4, 8]",0,0.0,0.0,0.0,0.0,0.0,0.0,0.0,0.0,0.0,0.0,0.8752,0.1898,0.8619,0.1764,0.7904
SWaT,CP-MAE,"[4, 8]",0,0.0,0.0,0.0,0.0,0.0,0.0,0.0,0.0,0.0,0.0,0.8693,0.1928,0.8562,0.1795,0.7873
SWaT,CP-MAE,"[4, 8]",0,0.0,0.0,0.0,0.0,0.0,0.0,0.0,0.0,0.0,0.0,0.8615,0.1721,0.8483,0.1604,0.7798
SWaT,CP-MAE,"[4, 8]",0,0.0,0.0,0.0,0.0,0.0,0.0,0.0,0.0,0.0,0.0,0.8706,0.1888,0.8585,0.1755,0.7975
WADI,CP-MAE,"[4, 8]",0.5,0.7105,0.953,0.5926,0.2346,0.3361,0.6275,0.8189,0.7737,0.5513,0.6438,0.8738,0.3481,0.8577,0.3418,0.7789
WADI,CP-MAE,"[4, 8]",0.5,0.7312,0.9527,0.5839,0.2346,0.3347,0.6387,0.8549,0.7673,0.5513,0.6416,0.8896,0.3515,0.8713,0.3445,0.7906
WADI,CP-MAE,"[4, 8]",0.5,0.71,0.9524,0.5789,0.2258,0.3249,0.6278,0.8168,0.7705,0.5513,0.6427,0.8827,0.3516,0.8663,0.3454,0.7882
WADI,CP-MAE,"[4, 8]",0.5,0.7139,0.9533,0.6015,0.2346,0.3376,0.633,0.8185,0.7801,0.5513,0.646,0.8731,0.3371,0.8558,0.3325,0.7724
WADI,CP-MAE,"[4, 8]",0.5,0.7105,0.953,0.5926,0.2346,0.3361,0.6275,0.8189,0.7737,0.5513,0.6438,0.8749,0.3404,0.8592,0.3362,0.7803
SMD,CP-MAE,"[4, 8]",0.5,0.8629,0.9745,0.5647,0.2071,0.3031,0.8686,0.8574,0.8522,0.9202,0.8849,0.8432,0.2574,0.8399,0.2562,0.8224
SMD,CP-MAE,"[4, 8]",0.5,0.8703,0.972,0.4421,0.1699,0.2455,0.8503,0.8912,0.8166,0.9548,0.8803,0.8248,0.2167,0.8215,0.216,0.8008
SMD,CP-MAE,"[4, 8]",0.5,0.8589,0.9732,0.4994,0.1949,0.2804,0.8483,0.8698,0.83,0.9543,0.8879,0.8371,0.2481,0.8334,0.2469,0.8125
SMD,CP-MAE,"[4, 8]",0.5,0.8669,0.9715,0.4275,0.1924,0.2654,0.8643,0.8695,0.7874,0.9543,0.8628,0.8347,0.221,0.8313,0.2199,0.8141
SMD,CP-MAE,"[4, 8]",0.5,0.8648,0.9716,0.4401,0.2134,0.2874,0.8459,0.8846,0.7794,0.9595,0.8601,0.8459,0.2399,0.843,0.239,0.8272
PSM,CP-MAE,"[4, 8]",0.5,0.7504,0.615,0.4188,0.6334,0.5042,0.6382,0.9107,0.5168,0.9402,0.667,0.6698,0.5461,0.6617,0.5392,0.6874
PSM,CP-MAE,"[4, 8]",0.5,0.8085,0.6175,0.4193,0.617,0.4993,0.6965,0.9634,0.5388,0.9981,0.6998,0.6741,0.5094,0.667,0.5052,0.6854
PSM,CP-MAE,"[4, 8]",0.5,0.7493,0.6003,0.406,0.6334,0.4949,0.6283,0.928,0.5037,0.9403,0.656,0.6597,0.5025,0.652,0.4982,0.6724
PSM,CP-MAE,"[4, 8]",0.5,0.7831,0.6106,0.4151,0.6353,0.5021,0.6646,0.9529,0.5226,0.9799,0.6816,0.6686,0.5432,0.6591,0.5337,0.6849
PSM,CP-MAE,"[4, 8]",0.5,0.7721,0.6291,0.4311,0.6252,0.5103,0.6607,0.9287,0.5348,0.9485,0.684,0.6579,0.5024,0.6501,0.4975,0.6712
SWaT,CP-MAE,"[4, 8]",0.5,0.6835,0.9391,0.1889,0.2169,0.2019,0.6029,0.789,0.4503,0.7627,0.5663,0.8811,0.22,0.8703,0.207,0.8132
SWaT,CP-MAE,"[4, 8]",0.5,0.6467,0.9402,0.0702,0.0557,0.0621,0.5608,0.7636,0.4707,0.6567,0.5484,0.8595,0.1688,0.8465,0.1571,0.7778
SWaT,CP-MAE,"[4, 8]",0.5,0.6572,0.9385,0.0933,0.0841,0.0885,0.5629,0.7894,0.4647,0.7091,0.5615,0.875,0.1884,0.8616,0.175,0.7892
SWaT,CP-MAE,"[4, 8]",0.5,0.6606,0.937,0.0917,0.0867,0.0892,0.5704,0.7847,0.4703,0.7627,0.5818,0.8721,0.1859,0.8596,0.1733,0.798
SWaT,CP-MAE,"[4, 8]",0.5,0.6589,0.9373,0.072,0.0644,0.068,0.5678,0.7848,0.479,0.7627,0.5884,0.8713,0.196,0.8575,0.182,0.7867
LTDB,CP-MAE,"[4, 8]",0.5,0.7772,0.7933,0.2279,0.3523,0.2768,0.6574,0.9503,0.4559,1.0,0.6263,0.7678,0.3157,0.7582,0.305,0.6649
LTDB,CP-MAE,"[4, 8]",0.5,0.7779,0.7967,0.234,0.3569,0.2827,0.6581,0.9509,0.4612,1.0,0.6313,0.7726,0.3212,0.7626,0.3098,0.6699
LTDB,CP-MAE,"[4, 8]",0.5,0.7821,0.8061,0.2422,0.3417,0.2835,0.6652,0.9487,0.4834,1.0,0.6517,0.7659,0.3174,0.7559,0.3065,0.6614
LTDB,CP-MAE,"[4, 8]",0.5,0.7812,0.8027,0.238,0.3442,0.2814,0.6635,0.9496,0.4758,1.0,0.6448,0.7649,0.3169,0.7545,0.306,0.6562
LTDB,CP-MAE,"[4, 8]",0.5,0.7804,0.8042,0.2389,0.3403,0.2807,0.6624,0.9495,0.4798,1.0,0.6485,0.7661,0.3169,0.7563,0.3057,0.6632
SMD,CP-MAE,"[4, 8]",1.0,0.8706,0.9734,0.5096,0.2168,0.3041,0.8707,0.8705,0.8206,0.9543,0.8825,0.8426,0.2569,0.8393,0.2555,0.8219
SMD,CP-MAE,"[4, 8]",1.0,0.8693,0.9717,0.4347,0.1864,0.261,0.8478,0.892,0.7975,0.9548,0.8691,0.8235,0.2206,0.8204,0.2199,0.8003
SMD,CP-MAE,"[4, 8]",1.0,0.8583,0.9722,0.4625,0.2201,0.2983,0.8458,0.8711,0.7887,0.9543,0.8636,0.8358,0.2465,0.8318,0.2453,0.81
SMD,CP-MAE,"[4, 8]",1.0,0.866,0.9699,0.3837,0.2061,0.2682,0.8612,0.8709,0.7424,0.9543,0.8352,0.8315,0.213,0.828,0.212,0.8103
SMD,CP-MAE,"[4, 8]",1.0,0.8747,0.97,0.3987,0.2378,0.2979,0.8524,0.8982,0.7287,0.963,0.8296,0.8471,0.2402,0.844,0.2392,0.8278
SWaT,CP-MAE,"[4, 8]",1.0,0.5987,0.9521,0.0787,0.0326,0.0461,0.5256,0.6954,0.5471,0.461,0.5004,0.8842,0.2238,0.8737,0.2106,0.8181
SWaT,CP-MAE,"[4, 8]",1.0,0.5794,0.9517,0.0216,0.0081,0.0118,0.4999,0.689,0.3074,0.1631,0.2131,0.8737,0.1868,0.8604,0.1735,0.7875
SWaT,CP-MAE,"[4, 8]",1.0,0.5812,0.9517,0.0234,0.0088,0.0128,0.5025,0.6891,0.3074,0.1631,0.2131,0.8721,0.1978,0.8579,0.1835,0.7856
SWaT,CP-MAE,"[4, 8]",1.0,0.6729,0.9387,0.169,0.1851,0.1767,0.5993,0.7671,0.4558,0.7627,0.5706,0.8697,0.2054,0.8592,0.191,0.7927
SWaT,CP-MAE,"[4, 8]",1.0,0.6621,0.9366,0.0876,0.0832,0.0853,0.5726,0.7847,0.468,0.7627,0.58,0.8725,0.1861,0.8597,0.1733,0.7973
PSM,CP-MAE,"[4, 8]",1.0,0.7635,0.6335,0.4352,0.6236,0.5126,0.658,0.9092,0.5374,0.9402,0.6839,0.6705,0.5449,0.6624,0.5384,0.6861
PSM,CP-MAE,"[4, 8]",1.0,0.7901,0.6289,0.4308,0.6244,0.5098,0.6936,0.9179,0.5429,0.9799,0.6987,0.6766,0.5284,0.6692,0.5225,0.6863
PSM,CP-MAE,"[4, 8]",1.0,0.8109,0.6197,0.4214,0.6175,0.501,0.7004,0.9629,0.5407,0.9981,0.7014,0.6744,0.5083,0.6671,0.5043,0.6837
PSM,CP-MAE,"[4, 8]",1.0,0.7527,0.61,0.4136,0.6269,0.4984,0.6293,0.9364,0.5141,0.9402,0.6647,0.6606,0.5058,0.6527,0.501,0.6712
PSM,CP-MAE,"[4, 8]",1.0,0.7808,0.6103,0.4149,0.6355,0.502,0.6608,0.954,0.5223,0.9799,0.6814,0.6679,0.5415,0.6583,0.5321,0.6837
WADI,CP-MAE,"[4, 8]",1.0,0.7121,0.9527,0.5827,0.2375,0.3375,0.6297,0.8192,0.7642,0.5513,0.6405,0.8763,0.3548,0.8604,0.3481,0.7837
WADI,CP-MAE,"[4, 8]",1.0,0.7127,0.9531,0.597,0.2346,0.3368,0.6309,0.8188,0.7769,0.5513,0.6449,0.8758,0.3417,0.8583,0.3367,0.7749
WADI,CP-MAE,"[4, 8]",1.0,0.7309,0.9528,0.5882,0.2346,0.3354,0.6384,0.8549,0.7705,0.5513,0.6427,0.8937,0.3586,0.8743,0.3506,0.7925
WADI,CP-MAE,"[4, 8]",1.0,0.7295,0.9531,0.597,0.2346,0.3368,0.6578,0.8189,0.7769,0.5513,0.6449,0.8748,0.3405,0.8595,0.3363,0.7815
WADI,CP-MAE,"[4, 8]",1.0,0.7102,0.9528,0.5923,0.2258,0.327,0.6282,0.8168,0.7801,0.5513,0.646,0.885,0.3553,0.8687,0.3491,0.791
LTDB,CP-MAE,"[4, 8]",1.0,0.7821,0.8052,0.2417,0.3442,0.284,0.6649,0.9496,0.4809,1.0,0.6494,0.7675,0.3208,0.7574,0.3098,0.6598
LTDB,CP-MAE,"[4, 8]",1.0,0.7834,0.8089,0.2463,0.3406,0.2859,0.667,0.9489,0.4896,1.0,0.6573,0.7697,0.3215,0.7599,0.3105,0.6662
LTDB,CP-MAE,"[4, 8]",1.0,0.7795,0.7981,0.2371,0.36,0.2859,0.6601,0.9514,0.4633,1.0,0.6332,0.7782,0.327,0.7685,0.3153,0.6773
LTDB,CP-MAE,"[4, 8]",1.0,0.7805,0.8046,0.2397,0.341,0.2815,0.6625,0.9496,0.4804,1.0,0.649,0.7678,0.3188,0.7578,0.3075,0.6639
LTDB,CP-MAE,"[4, 8]",1.0,0.7776,0.7936,0.2291,0.3546,0.2784,0.6578,0.9507,0.456,1.0,0.6264,0.771,0.3186,0.7616,0.3077,0.6695
SMD,CP-MAE,"[4, 8]",2,0.8812,0.9701,0.394,0.2129,0.2764,0.8463,0.9192,0.746,0.9618,0.8403,0.8199,0.2236,0.8168,0.2232,0.7979
SMD,CP-MAE,"[4, 8]",2,0.8638,0.9696,0.3973,0.2569,0.3121,0.8436,0.8851,0.7102,0.955,0.8146,0.8317,0.2384,0.8275,0.2374,0.8036
SMD,CP-MAE,"[4, 8]",2,0.8635,0.9657,0.3062,0.2216,0.2571,0.8498,0.8775,0.6552,0.9543,0.777,0.822,0.1973,0.8183,0.1965,0.7993
SMD,CP-MAE,"[4, 8]",2,0.87,0.9656,0.3272,0.2679,0.2946,0.8416,0.9003,0.6369,0.9665,0.7678,0.8486,0.2359,0.8451,0.235,0.8276
SMD,CP-MAE,"[4, 8]",2,0.87,0.9705,0.4106,0.2343,0.2983,0.8612,0.8789,0.7389,0.9517,0.8319,0.8393,0.2416,0.8356,0.2405,0.8182
WADI,CP-MAE,"[4, 8]",2,0.7121,0.9525,0.5786,0.2375,0.3368,0.6298,0.8192,0.7611,0.5513,0.6395,0.8808,0.3652,0.8649,0.3571,0.7919
WADI,CP-MAE,"[4, 8]",2,0.7519,0.9536,0.6074,0.2405,0.3445,0.6702,0.8562,0.7801,0.5513,0.646,0.9,0.3727,0.8788,0.3611,0.7965
WADI,CP-MAE,"[4, 8]",2,0.7294,0.9528,0.5923,0.2258,0.327,0.6589,0.8168,0.7801,0.5513,0.646,0.8894,0.3627,0.8728,0.3554,0.7964
WADI,CP-MAE,"[4, 8]",2,0.7361,0.9536,0.6058,0.2434,0.3473,0.6673,0.8206,0.7769,0.5513,0.6449,0.8816,0.3522,0.8626,0.3446,0.779
WADI,CP-MAE,"[4, 8]",2,0.7311,0.9524,0.5755,0.2346,0.3333,0.6603,0.8189,0.7611,0.5513,0.6395,0.8741,0.3401,0.8589,0.335,0.7832
PSM,CP-MAE,"[4, 8]",2,0.7706,0.6561,0.4581,0.6154,0.5253,0.6645,0.9169,0.5636,0.9402,0.7048,0.6729,0.543,0.6645,0.5367,0.6833
PSM,CP-MAE,"[4, 8]",2,0.795,0.6297,0.4303,0.6116,0.5052,0.694,0.9303,0.5471,0.978,0.7017,0.6746,0.5061,0.6673,0.5023,0.6804
PSM,CP-MAE,"[4, 8]",2,0.7526,0.6258,0.4274,0.6205,0.5062,0.6295,0.9357,0.5308,0.9402,0.6785,0.6611,0.508,0.653,0.5028,0.6686
PSM,CP-MAE,"[4, 8]",2,0.7736,0.6126,0.416,0.6274,0.5003,0.6457,0.9646,0.5266,0.9798,0.685,0.666,0.5327,0.6564,0.5239,0.6803
PSM,CP-MAE,"[4, 8]",2,0.7785,0.6451,0.4461,0.6128,0.5163,0.6681,0.9326,0.5527,0.9402,0.6961,0.6561,0.508,0.648,0.5021,0.6661
SWaT,CP-MAE,"[4, 8]",2,0.691,0.9385,0.1953,0.2345,0.2131,0.6106,0.7958,0.4576,0.8151,0.5861,0.8882,0.2277,0.878,0.2143,0.8232
SWaT,CP-MAE,"[4, 8]",2,0.6427,0.9398,0.0559,0.0437,0.0491,0.5559,0.7616,0.4709,0.6567,0.5485,0.8534,0.1588,0.8407,0.1474,0.77
SWaT,CP-MAE,"[4, 8]",2,0.6168,0.9423,0.048,0.0331,0.0392,0.5128,0.7737,0.4809,0.6086,0.5373,0.8703,0.1824,0.8572,0.1691,0.7829
SWaT,CP-MAE,"[4, 8]",2,0.6573,0.9371,0.0799,0.0733,0.0765,0.566,0.7836,0.4745,0.7627,0.585,0.871,0.1838,0.8579,0.1709,0.7943
SWaT,CP-MAE,"[4, 8]",2,0.6575,0.9363,0.0673,0.0617,0.0644,0.566,0.7843,0.4715,0.7627,0.5827,0.872,0.1985,0.8572,0.1836,0.7826
LTDB,CP-MAE,"[4, 8]",2,0.7843,0.8091,0.248,0.3444,0.2883,0.668,0.9498,0.4891,1.0,0.6569,0.7728,0.3281,0.763,0.3167,0.6672
LTDB,CP-MAE,"[4, 8]",2,0.7795,0.7959,0.2318,0.3533,0.2799,0.6604,0.9511,0.4606,1.0,0.6307,0.7757,0.3234,0.7669,0.3126,0.6773
LTDB,CP-MAE,"[4, 8]",2,0.7816,0.8002,0.2426,0.3673,0.2922,0.6628,0.9522,0.4658,1.0,0.6355,0.7846,0.3356,0.7756,0.3238,0.6866
LTDB,CP-MAE,"[4, 8]",2,0.7861,0.815,0.2552,0.3378,0.2907,0.6712,0.9485,0.5035,1.0,0.6698,0.7745,0.3289,0.7649,0.3175,0.6727
LTDB,CP-MAE,"[4, 8]",2,0.7792,0.8053,0.2406,0.3405,0.282,0.6608,0.9495,0.482,1.0,0.6505,0.7709,0.3242,0.7608,0.3124,0.6662
WADI,CP-MAE,"[4, 8]",5.0,0.6936,0.9537,0.6071,0.2493,0.3534,0.664,0.7259,0.7737,0.5513,0.6438,0.8824,0.3766,0.8694,0.3641,0.8071
WADI,CP-MAE,"[4, 8]",5.0,0.7168,0.9543,0.6288,0.2434,0.351,0.6771,0.7614,0.7932,0.5513,0.6505,0.9077,0.3931,0.8808,0.3739,0.8007
WADI,CP-MAE,"[4, 8]",5.0,0.7066,0.953,0.5954,0.2287,0.3305,0.6721,0.745,0.7801,0.5513,0.646,0.8963,0.3785,0.879,0.3664,0.8061
WADI,CP-MAE,"[4, 8]",5.0,0.736,0.9536,0.6074,0.2405,0.3445,0.6676,0.82,0.7801,0.5513,0.646,0.8885,0.3685,0.8654,0.3554,0.7833
WADI,CP-MAE,"[4, 8]",5.0,0.7066,0.953,0.5954,0.2287,0.3305,0.6721,0.745,0.7801,0.5513,0.646,0.8963,0.3785,0.879,0.3664,0.8061
LTDB,CP-MAE,"[4, 8]",5.0,0.7887,0.8172,0.2627,0.348,0.2994,0.6736,0.9513,0.5046,0.9948,0.6696,0.778,0.338,0.7683,0.3268,0.6724
LTDB,CP-MAE,"[4, 8]",5.0,0.7882,0.8178,0.2631,0.3459,0.2988,0.6733,0.9505,0.5066,0.9948,0.6714,0.7839,0.3461,0.7748,0.3331,0.6818
LTDB,CP-MAE,"[4, 8]",5.0,0.7814,0.804,0.2412,0.3474,0.2847,0.6628,0.9515,0.4765,0.9948,0.6443,0.7857,0.3359,0.7781,0.3249,0.6928
LTDB,CP-MAE,"[4, 8]",5.0,0.7873,0.8094,0.2587,0.374,0.3059,0.6702,0.9541,0.4814,0.9948,0.6489,0.8006,0.3615,0.7926,0.3492,0.7076
LTDB,CP-MAE,"[4, 8]",5.0,0.7921,0.8263,0.2737,0.3311,0.2996,0.6794,0.9495,0.5323,1.0,0.6948,0.7872,0.349,0.778,0.3369,0.6882
PSM,CP-MAE,"[4, 8]",5,0.7787,0.6979,0.5104,0.5563,0.5324,0.6945,0.8862,0.6373,0.9373,0.7587,0.6728,0.53,0.6639,0.5244,0.6745
PSM,CP-MAE,"[4, 8]",5,0.7964,0.6719,0.4753,0.5894,0.5262,0.7097,0.9072,0.5984,0.9697,0.7401,0.673,0.4969,0.6659,0.4937,0.6706
PSM,CP-MAE,"[4, 8]",5,0.7548,0.6585,0.4595,0.5943,0.5183,0.6325,0.9359,0.5811,0.9697,0.7268,0.6563,0.5006,0.6476,0.4952,0.6563
PSM,CP-MAE,"[4, 8]",5,0.7505,0.6225,0.4241,0.6181,0.5031,0.6114,0.9715,0.5416,0.9916,0.7005,0.6626,0.5081,0.6537,0.5016,0.6714
PSM,CP-MAE,"[4, 8]",5,0.7923,0.6698,0.4721,0.5775,0.5195,0.7008,0.9112,0.5921,0.9373,0.7257,0.6508,0.5049,0.643,0.4991,0.6566
SMD,CP-MAE,"[4, 8]",5,0.8595,0.9638,0.2958,0.2529,0.2727,0.8272,0.8943,0.6157,0.9647,0.7517,0.8071,0.2105,0.804,0.2101,0.7869
SMD,CP-MAE,"[4, 8]",5,0.6845,0.9705,0.4041,0.2103,0.2766,0.7792,0.6103,0.7338,0.8549,0.7897,0.8148,0.2021,0.811,0.2014,0.8001
SMD,CP-MAE,"[4, 8]",5,0.8518,0.9596,0.2671,0.2901,0.2781,0.8315,0.8732,0.5451,0.9538,0.6937,0.8127,0.2075,0.8085,0.2069,0.7837
SMD,CP-MAE,"[4, 8]",5,0.8069,0.9502,0.2011,0.2886,0.237,0.7777,0.8383,0.4541,0.9538,0.6153,0.7895,0.1538,0.7857,0.1532,0.7698
SMD,CP-MAE,"[4, 8]",5,0.856,0.959,0.2629,0.2932,0.2773,0.8211,0.8941,0.5391,0.9613,0.6908,0.8427,0.2109,0.8385,0.2104,0.8216
SWaT,CP-MAE,"[4, 8]",5,0.6477,0.9376,0.0612,0.0529,0.0568,0.5524,0.7827,0.3895,0.5171,0.4443,0.8623,0.1729,0.849,0.1601,0.7819
SWaT,CP-MAE,"[4, 8]",5,0.647,0.9379,0.0434,0.0356,0.0391,0.5514,0.7827,0.4927,0.7627,0.5987,0.8669,0.1939,0.8514,0.1781,0.7724
SWaT,CP-MAE,"[4, 8]",5,0.6317,0.9352,0.0383,0.0342,0.0361,0.5392,0.7625,0.4333,0.6567,0.5221,0.8414,0.1451,0.8291,0.1348,0.7547
SWaT,CP-MAE,"[4, 8]",5,0.5964,0.9455,0.0511,0.0305,0.0382,0.5107,0.7166,0.5181,0.6086,0.5597,0.8609,0.1708,0.8472,0.158,0.7679
SWaT,CP-MAE,"[4, 8]",5,0.7798,0.9357,0.1773,0.2223,0.1973,0.6803,0.9135,0.4756,0.9353,0.6305,0.891,0.232,0.8805,0.2173,0.8237
WADI,CP-MAE,"[4, 8]",10,0.7049,0.9536,0.6028,0.2493,0.3527,0.6851,0.726,0.7705,0.5513,0.6427,0.8733,0.3594,0.8655,0.3533,0.8176
WADI,CP-MAE,"[4, 8]",10,0.7153,0.9537,0.6172,0.2317,0.3369,0.6746,0.7613,0.7932,0.5513,0.6505,0.9073,0.4088,0.8763,0.383,0.8023
WADI,CP-MAE,"[4, 8]",10,0.7108,0.9533,0.6047,0.2287,0.3319,0.6798,0.7447,0.7866,0.5513,0.6483,0.8924,0.3669,0.8758,0.356,0.8121
WADI,CP-MAE,"[4, 8]",10,0.6955,0.9533,0.5957,0.2463,0.3485,0.6679,0.7255,0.7673,0.5513,0.6416,0.8828,0.3633,0.8575,0.3477,0.7848
WADI,CP-MAE,"[4, 8]",10,0.6948,0.9524,0.5755,0.2346,0.3333,0.6681,0.7238,0.7611,0.5513,0.6395,0.8584,0.3062,0.8489,0.303,0.7887
SMD,CP-MAE,"[4, 8]",10,0.5658,0.9718,0.4323,0.1638,0.2376,0.7627,0.4498,0.7925,0.8217,0.8069,0.7706,0.1591,0.7678,0.1588,0.7734
SMD,CP-MAE,"[4, 8]",10,0.6733,0.9682,0.3501,0.2164,0.2675,0.7727,0.5965,0.6845,0.8714,0.7667,0.7866,0.1729,0.7836,0.1727,0.7707
SMD,CP-MAE,"[4, 8]",10,0.6823,0.9658,0.3104,0.2278,0.2627,0.7917,0.5994,0.6329,0.8724,0.7336,0.78,0.168,0.7766,0.1677,0.76
SMD,CP-MAE,"[4, 8]",10,0.6146,0.953,0.2003,0.2524,0.2234,0.6791,0.5613,0.4625,0.8674,0.6033,0.7468,0.1154,0.7436,0.1151,0.7403
SMD,CP-MAE,"[4, 8]",10,0.7212,0.963,0.286,0.2537,0.2689,0.7683,0.6795,0.5848,0.8922,0.7065,0.8122,0.1739,0.809,0.1739,0.8054
PSM,CP-MAE,"[4, 8]",10,0.7269,0.7146,0.5606,0.3553,0.4349,0.69,0.7679,0.7704,0.9342,0.8444,0.6654,0.5053,0.6566,0.5006,0.6587
PSM,CP-MAE,"[4, 8]",10,0.7963,0.6961,0.5099,0.437,0.4706,0.7218,0.888,0.6975,0.9684,0.8109,0.666,0.4795,0.6586,0.4765,0.6556
PSM,CP-MAE,"[4, 8]",10,0.7569,0.6776,0.4758,0.4237,0.4483,0.6501,0.9057,0.6744,0.9668,0.7945,0.6437,0.4732,0.6354,0.4689,0.6353
PSM,CP-MAE,"[4, 8]",10,0.7185,0.6522,0.45,0.563,0.5002,0.5934,0.9106,0.5893,0.9874,0.7381,0.6554,0.4831,0.6477,0.4788,0.6611
PSM,CP-MAE,"[4, 8]",10,0.7906,0.6878,0.4946,0.4573,0.4752,0.7038,0.9017,0.6669,0.9358,0.7788,0.6419,0.49,0.6346,0.4849,0.641
SWaT,CP-MAE,"[4, 8]",10,0.6556,0.9386,0.0365,0.0287,0.0322,0.5442,0.8243,0.4526,0.6264,0.5255,0.858,0.1834,0.8417,0.1676,0.7576
SWaT,CP-MAE,"[4, 8]",10,0.7294,0.9371,0.1578,0.1779,0.1672,0.6422,0.8442,0.4826,0.8858,0.6248,0.8885,0.2261,0.8775,0.2115,0.8161
SWaT,CP-MAE,"[4, 8]",10,0.6272,0.9321,0.0379,0.0374,0.0376,0.5329,0.762,0.3356,0.4788,0.3946,0.8269,0.1337,0.8159,0.1245,0.7386
SWaT,CP-MAE,"[4, 8]",10,0.5843,0.9477,0.0534,0.0282,0.0369,0.4976,0.7076,0.383,0.3106,0.3431,0.8511,0.1594,0.8358,0.147,0.7495
SWaT,CP-MAE,"[4, 8]",10,0.6421,0.937,0.0597,0.0525,0.0559,0.5449,0.7814,0.3847,0.5171,0.4412,0.8512,0.1619,0.8376,0.1495,0.7645
LTDB,CP-MAE,"[4, 8]",10.0,0.7917,0.8284,0.2803,0.3371,0.3061,0.6781,0.951,0.5347,0.9948,0.6956,0.7942,0.3655,0.7857,0.3519,0.695
LTDB,CP-MAE,"[4, 8]",10.0,0.7832,0.8122,0.2514,0.3402,0.2891,0.6652,0.9521,0.4954,0.9948,0.6614,0.7938,0.3489,0.7874,0.3382,0.7057
LTDB,CP-MAE,"[4, 8]",10.0,0.7907,0.814,0.2715,0.3903,0.3203,0.6735,0.9571,0.4864,0.9915,0.6526,0.8151,0.3883,0.808,0.3758,0.7257
LTDB,CP-MAE,"[4, 8]",10.0,0.7971,0.8355,0.2901,0.3213,0.3049,0.6866,0.9501,0.5598,1.0,0.7178,0.7998,0.3701,0.7912,0.3578,0.7033
LTDB,CP-MAE,"[4, 8]",10.0,0.7787,0.8097,0.2485,0.3433,0.2883,0.6586,0.9522,0.4906,1.0,0.6582,0.781,0.3409,0.7698,0.328,0.6696
