data_name,algo,beta,uncertainty_weight,affiliation_f,accuracy,precision,recall,f_score,affiliation_precision,affiliation_recall,adjust_precision,adjust_recall,adjust_f_score,R_AUC_ROC,R_AUC_PR,VUS_ROC,VUS_PR,auc_roc
LTDB,CP-MAE,10,5.0,0.756,0.6996,0.1981,0.5497,0.2912,0.6217,0.9644,0.3075,0.9881,0.469,0.7601,0.3147,0.7449,0.2975,0.6382
SMD,CP-MAE,10,1.0,0.7271,0.9191,0.145,0.4125,0.2145,0.8131,0.6576,0.2709,0.904,0.4169,0.7994,0.1659,0.7952,0.1648,0.8005
SMD,CP-MAE,10,1.0,0.7123,0.9333,0.1716,0.3889,0.2381,0.8238,0.6274,0.3246,0.902,0.4774,0.7975,0.1716,0.7934,0.1706,0.7984
LTDB,CP-MAE,10,5.0,0.7553,0.6884,0.1963,0.574,0.2926,0.6197,0.9669,0.2968,0.9915,0.4568,0.7722,0.3153,0.7584,0.2983,0.6584
SWaT,CP-MAE,10,1.0,0.692,0.9325,0.0622,0.0638,0.063,0.5875,0.8417,0.3151,0.4429,0.3682,0.8248,0.137,0.8118,0.129,0.7367
PSM,CP-MAE,10,1.0,0.7262,0.6112,0.4246,0.7267,0.5361,0.5976,0.9253,0.4938,0.9604,0.6522,0.6526,0.4828,0.65,0.4801,0.6828
SMD,CP-MAE,10,1.0,0.8474,0.8727,0.1034,0.4887,0.1707,0.8293,0.8664,0.1848,0.9607,0.31,0.8337,0.1704,0.8302,0.1693,0.8291
SWaT,CP-MAE,10,1.0,0.6168,0.9337,0.0382,0.0358,0.0369,0.5216,0.7545,0.3037,0.3933,0.3428,0.829,0.1372,0.816,0.1293,0.7427
PSM,CP-MAE,10,1.0,0.721,0.5988,0.4159,0.7364,0.5316,0.59,0.9267,0.4815,0.9604,0.6414,0.6521,0.4798,0.6485,0.4769,0.6821
SMD,CP-MAE,10,1.0,0.7174,0.9369,0.1795,0.379,0.2436,0.8264,0.6338,0.3425,0.9024,0.4965,0.7982,0.1731,0.7941,0.172,0.7992
SMD,CP-MAE,10,1.0,0.7136,0.9342,0.174,0.3889,0.2405,0.8265,0.6278,0.3283,0.902,0.4814,0.797,0.1724,0.7929,0.1713,0.797
SWaT,CP-MAE,10,1.0,0.6464,0.9335,0.0913,0.0975,0.0943,0.5549,0.7739,0.416,0.6913,0.5194,0.8385,0.1558,0.8256,0.1465,0.7574
SWaT,CP-MAE,10,1.0,0.6167,0.9317,0.0382,0.0381,0.0381,0.5215,0.7544,0.2907,0.3933,0.3343,0.8314,0.1352,0.8167,0.1269,0.7428
SWaT,CP-MAE,10,1.0,0.6219,0.9321,0.0426,0.0425,0.0426,0.5284,0.7558,0.4202,0.6913,0.5227,0.8302,0.1366,0.8157,0.1285,0.7415
WADI,CP-MAE,10,5.0,0.6942,0.9457,0.4032,0.1466,0.2151,0.6893,0.6991,0.7176,0.5513,0.6235,0.8495,0.3693,0.832,0.3493,0.786
WADI,CP-MAE,10,5.0,0.6875,0.9406,0.2698,0.0997,0.1456,0.676,0.6995,0.6714,0.5513,0.6055,0.8494,0.3653,0.823,0.3396,0.7891
WADI,CP-MAE,10,5.0,0.7058,0.9494,0.5036,0.2023,0.2887,0.6964,0.7155,0.7344,0.5513,0.6298,0.8336,0.381,0.8158,0.3683,0.7888
WADI,CP-MAE,10,5.0,0.6907,0.9445,0.3857,0.1584,0.2245,0.6759,0.7061,0.6861,0.5513,0.6114,0.8383,0.3545,0.8273,0.3434,0.7689
WADI,CP-MAE,10,5.0,0.7046,0.946,0.4236,0.1789,0.2515,0.6981,0.7112,0.6937,0.5513,0.6144,0.8315,0.3435,0.8168,0.3345,0.7768
PSM,CP-MAE,10,1.0,0.7392,0.5756,0.4009,0.7539,0.5234,0.6007,0.9608,0.4606,0.9622,0.6229,0.6491,0.4752,0.6458,0.4723,0.6782
PSM,CP-MAE,10,1.0,0.7304,0.6032,0.4182,0.7245,0.5303,0.5935,0.9493,0.4879,0.9604,0.647,0.6544,0.4893,0.6513,0.4865,0.6851
LTDB,CP-MAE,10,5.0,0.7613,0.6699,0.1983,0.6376,0.3025,0.6246,0.9746,0.2771,0.9881,0.4329,0.7961,0.3472,0.7854,0.3296,0.7008
PSM,CP-MAE,10,1.0,0.7196,0.5921,0.4107,0.7347,0.5269,0.5885,0.9256,0.4767,0.9604,0.6371,0.6509,0.4851,0.6483,0.4833,0.684
LTDB,CP-MAE,10,5.0,0.7553,0.704,0.2005,0.5481,0.2936,0.621,0.9639,0.3114,0.9881,0.4736,0.769,0.3278,0.754,0.3091,0.6503
LTDB,CP-MAE,10,5.0,0.75,0.6934,0.1929,0.5437,0.2848,0.6141,0.9633,0.3029,0.9881,0.4636,0.7517,0.3006,0.7345,0.2835,0.6191
LTDB,CP-MAE,5,5.0,0.7545,0.7053,0.1985,0.5346,0.2895,0.62,0.9635,0.314,0.9881,0.4765,0.7699,0.3321,0.7559,0.3144,0.6518
SMD,CP-MAE,5,1.0,0.8365,0.9326,0.1663,0.3775,0.2308,0.834,0.8391,0.3373,0.9638,0.4998,0.8162,0.1937,0.8121,0.1927,0.8048
SMD,CP-MAE,5,1.0,0.7936,0.9468,0.2085,0.352,0.2619,0.8241,0.7653,0.4118,0.9357,0.5719,0.8156,0.202,0.8114,0.2012,0.8025
LTDB,CP-MAE,5,5.0,0.7547,0.6951,0.1967,0.5564,0.2906,0.6192,0.9661,0.3038,0.9915,0.465,0.7776,0.329,0.7648,0.3118,0.6665
SWaT,CP-MAE,5,1.0,0.6991,0.9324,0.0574,0.0585,0.058,0.5878,0.8624,0.4685,0.8468,0.6032,0.8422,0.1531,0.8286,0.1437,0.7545
SMD,CP-MAE,5,1.0,0.873,0.891,0.1149,0.4573,0.1836,0.8358,0.9138,0.2163,0.9723,0.3538,0.8468,0.2144,0.843,0.213,0.8301
SWaT,CP-MAE,5,1.0,0.5968,0.9359,0.0286,0.0243,0.0263,0.5029,0.7337,0.4737,0.7449,0.5791,0.8529,0.159,0.8398,0.1495,0.7701
SMD,CP-MAE,5,1.0,0.7925,0.9462,0.2049,0.3494,0.2583,0.8211,0.7658,0.4085,0.936,0.5687,0.815,0.1988,0.811,0.1978,0.8031
LTDB,CP-MAE,5,5.0,0.7614,0.6894,0.1997,0.5873,0.298,0.627,0.9693,0.2964,0.9915,0.4563,0.7931,0.3532,0.7822,0.3361,0.6945
SMD,CP-MAE,5,1.0,0.7997,0.9432,0.1949,0.358,0.2524,0.8212,0.7793,0.3894,0.9435,0.5513,0.8129,0.2007,0.8088,0.1997,0.8001
SWaT,CP-MAE,5,1.0,0.6607,0.9346,0.1131,0.1229,0.1178,0.5661,0.7932,0.424,0.7091,0.5307,0.8563,0.1766,0.8436,0.1659,0.7788
PSM,CP-MAE,5,1.0,0.7311,0.5898,0.4093,0.7382,0.5266,0.5891,0.9632,0.4745,0.9622,0.6356,0.6564,0.4951,0.6531,0.4926,0.6893
SWaT,CP-MAE,5,1.0,0.6188,0.9331,0.0337,0.0319,0.0328,0.5152,0.7745,0.2716,0.341,0.3024,0.8429,0.1459,0.8284,0.1367,0.7519
SWaT,CP-MAE,5,1.0,0.629,0.9326,0.0369,0.0358,0.0364,0.5242,0.7861,0.4255,0.6913,0.5268,0.8495,0.1546,0.8342,0.1449,0.76
PSM,CP-MAE,5,1.0,0.7287,0.5759,0.3998,0.743,0.5199,0.5855,0.9646,0.4632,0.9622,0.6253,0.6621,0.4942,0.658,0.4917,0.6906
PSM,CP-MAE,5,1.0,0.7317,0.5634,0.3918,0.7474,0.5141,0.5905,0.9616,0.4529,0.9604,0.6156,0.6501,0.4827,0.6451,0.4798,0.6806
PSM,CP-MAE,5,1.0,0.7311,0.5581,0.3873,0.7381,0.508,0.5889,0.9636,0.4465,0.9421,0.6059,0.661,0.5135,0.656,0.5104,0.6932
PSM,CP-MAE,5,1.0,0.731,0.5805,0.4018,0.7311,0.5186,0.5892,0.9629,0.4692,0.9622,0.6308,0.6564,0.4984,0.6527,0.4961,0.6884
WADI,CP-MAE,5,5.0,0.7084,0.9507,0.5391,0.2023,0.2942,0.6929,0.7246,0.7611,0.5513,0.6395,0.8708,0.3882,0.8514,0.3681,0.7898
WADI,CP-MAE,5,5.0,0.7042,0.9485,0.4803,0.1789,0.2607,0.6854,0.7241,0.7402,0.5513,0.6319,0.8788,0.388,0.8541,0.3633,0.7996
WADI,CP-MAE,5,5.0,0.7185,0.953,0.5954,0.2287,0.3305,0.7094,0.7278,0.7801,0.5513,0.646,0.8595,0.3856,0.8448,0.3744,0.7943
WADI,CP-MAE,5,5.0,0.7154,0.951,0.5469,0.2053,0.2985,0.7045,0.7267,0.7642,0.5513,0.6405,0.8651,0.3863,0.8494,0.3713,0.778
WADI,CP-MAE,5,5.0,0.7105,0.9494,0.5033,0.2229,0.3089,0.6958,0.7259,0.7148,0.5513,0.6225,0.8543,0.3716,0.8403,0.3618,0.7815
LTDB,CP-MAE,5,5.0,0.7558,0.7092,0.2014,0.5362,0.2928,0.6219,0.9632,0.3179,0.9915,0.4815,0.7744,0.34,0.7603,0.3218,0.658
LTDB,CP-MAE,5,5.0,0.7504,0.6986,0.1931,0.5299,0.2831,0.6151,0.9621,0.3093,0.9915,0.4715,0.7507,0.3034,0.7347,0.2874,0.6206
SWaT,CP-MAE,0.5,1.0,0.6528,0.9387,0.1414,0.143,0.1422,0.5689,0.7658,0.4676,0.7627,0.5798,0.8639,0.1925,0.8468,0.1763,0.7539
SMD,CP-MAE,0.5,1.0,0.8692,0.9738,0.5358,0.1633,0.2503,0.856,0.8827,0.871,0.9548,0.911,0.8204,0.2156,0.8176,0.2152,0.8014
SMD,CP-MAE,0.5,1.0,0.8498,0.9721,0.4361,0.1365,0.2079,0.8369,0.863,0.839,0.9192,0.8772,0.8104,0.185,0.8077,0.1847,0.7903
SWaT,CP-MAE,0.5,1.0,0.6746,0.9387,0.1247,0.1208,0.1227,0.591,0.7857,0.4737,0.7627,0.5844,0.8771,0.1925,0.8671,0.1801,0.8138
SMD,CP-MAE,0.5,1.0,0.87,0.973,0.4894,0.1724,0.255,0.8561,0.8842,0.8421,0.9595,0.897,0.8252,0.2152,0.8231,0.2147,0.8088
SWaT,CP-MAE,0.5,1.0,0.6664,0.9366,0.0938,0.0906,0.0922,0.5737,0.7949,0.4655,0.7627,0.5781,0.8627,0.1853,0.8476,0.1705,0.7629
LTDB,CP-MAE,0.5,5.0,0.789,0.8364,0.2661,0.2601,0.2631,0.6772,0.9449,0.5823,1.0,0.736,0.7467,0.3005,0.7394,0.2935,0.6428
SMD,CP-MAE,0.5,1.0,0.8621,0.9729,0.4813,0.1391,0.2158,0.8472,0.8775,0.8599,0.9207,0.8893,0.8092,0.1926,0.8067,0.1924,0.7894
SWaT,CP-MAE,0.5,1.0,0.659,0.9392,0.0881,0.076,0.0816,0.5681,0.7845,0.4923,0.7627,0.5984,0.8773,0.1954,0.8618,0.1807,0.7873
SMD,CP-MAE,0.5,1.0,0.8492,0.9716,0.4131,0.1458,0.2155,0.835,0.864,0.8161,0.9192,0.8646,0.8092,0.1858,0.8064,0.1856,0.7911
SWaT,CP-MAE,0.5,1.0,0.6764,0.938,0.114,0.11,0.1119,0.5938,0.7857,0.4713,0.7627,0.5826,0.8659,0.1896,0.8518,0.1754,0.7761
LTDB,CP-MAE,0.5,5.0,0.7932,0.8378,0.2765,0.2753,0.2759,0.6828,0.9463,0.5812,1.0,0.7352,0.7801,0.3346,0.7729,0.3248,0.6841
LTDB,CP-MAE,0.5,5.0,0.7882,0.8331,0.2616,0.2669,0.2642,0.6756,0.9459,0.5704,1.0,0.7264,0.7496,0.3016,0.7424,0.2946,0.6464
PSM,CP-MAE,0.5,1.0,0.7833,0.6529,0.4528,0.5895,0.5122,0.7045,0.882,0.5778,0.9752,0.7257,0.6802,0.5487,0.6715,0.5411,0.6875
PSM,CP-MAE,0.5,1.0,0.7968,0.6271,0.4266,0.5998,0.4986,0.698,0.9281,0.5457,0.9684,0.698,0.6733,0.5088,0.6653,0.5037,0.6819
PSM,CP-MAE,0.5,1.0,0.7551,0.6501,0.4484,0.5735,0.5033,0.6691,0.8667,0.5698,0.9344,0.7079,0.6499,0.4966,0.6401,0.4904,0.6568
WADI,CP-MAE,0.5,5.0,0.7084,0.9525,0.5821,0.2287,0.3284,0.6249,0.8177,0.7705,0.5513,0.6427,0.8804,0.3251,0.8619,0.3176,0.7851
WADI,CP-MAE,0.5,5.0,0.7474,0.9522,0.5725,0.2317,0.3299,0.6639,0.8548,0.7611,0.5513,0.6395,0.901,0.3456,0.8823,0.334,0.8086
WADI,CP-MAE,0.5,5.0,0.72,0.9536,0.609,0.2375,0.3418,0.642,0.8194,0.7833,0.5513,0.6472,0.8373,0.2996,0.8189,0.2981,0.7302
WADI,CP-MAE,0.5,5.0,0.7209,0.9531,0.5942,0.2405,0.3424,0.6431,0.8201,0.7705,0.5513,0.6427,0.8818,0.3461,0.8617,0.3364,0.7712
WADI,CP-MAE,0.5,5.0,0.7296,0.9531,0.6,0.2287,0.3312,0.6587,0.8176,0.7833,0.5513,0.6472,0.8851,0.3475,0.8662,0.3417,0.7837
PSM,CP-MAE,0.5,1.0,0.7689,0.623,0.4213,0.5876,0.4907,0.6773,0.8891,0.5395,0.9455,0.687,0.648,0.4878,0.64,0.4831,0.6587
PSM,CP-MAE,0.5,1.0,0.7926,0.6294,0.4271,0.5833,0.4932,0.7108,0.8956,0.5528,0.9669,0.7034,0.6378,0.4619,0.6303,0.4588,0.6473
LTDB,CP-MAE,0.5,5.0,0.791,0.8383,0.2717,0.2622,0.2669,0.6796,0.9461,0.5872,1.0,0.74,0.7547,0.3086,0.7462,0.3001,0.6473
LTDB,CP-MAE,0.5,5.0,0.7908,0.8324,0.2681,0.2847,0.2762,0.6784,0.9479,0.5627,1.0,0.7201,0.7914,0.3368,0.7863,0.3277,0.7114
SMD,CP-MAE,1,1.0,0.8706,0.9734,0.5096,0.2168,0.3041,0.8707,0.8705,0.8206,0.9543,0.8825,0.8426,0.2569,0.8393,0.2555,0.8219
SMD,CP-MAE,1,1.0,0.8693,0.9717,0.4347,0.1864,0.261,0.8478,0.892,0.7975,0.9548,0.8691,0.8235,0.2206,0.8204,0.2199,0.8003
SMD,CP-MAE,1,1.0,0.8583,0.9722,0.4625,0.2201,0.2983,0.8458,0.8711,0.7887,0.9543,0.8636,0.8358,0.2465,0.8318,0.2453,0.81
SMD,CP-MAE,1,1.0,0.866,0.9699,0.3837,0.2061,0.2682,0.8612,0.8709,0.7424,0.9543,0.8352,0.8315,0.213,0.828,0.212,0.8103
SMD,CP-MAE,1,1.0,0.8747,0.97,0.3987,0.2378,0.2979,0.8524,0.8982,0.7287,0.963,0.8296,0.8471,0.2402,0.844,0.2392,0.8278
SWaT,CP-MAE,1,1.0,0.5987,0.9521,0.0787,0.0326,0.0461,0.5256,0.6954,0.5471,0.461,0.5004,0.8842,0.2238,0.8737,0.2106,0.8181
SWaT,CP-MAE,1,1.0,0.5794,0.9517,0.0216,0.0081,0.0118,0.4999,0.689,0.3074,0.1631,0.2131,0.8737,0.1868,0.8604,0.1735,0.7875
SWaT,CP-MAE,1,1.0,0.5812,0.9517,0.0234,0.0088,0.0128,0.5025,0.6891,0.3074,0.1631,0.2131,0.8721,0.1978,0.8579,0.1835,0.7856
SWaT,CP-MAE,1,1.0,0.6729,0.9387,0.169,0.1851,0.1767,0.5993,0.7671,0.4558,0.7627,0.5706,0.8697,0.2054,0.8592,0.191,0.7927
SWaT,CP-MAE,1,1.0,0.6621,0.9366,0.0876,0.0832,0.0853,0.5726,0.7847,0.468,0.7627,0.58,0.8725,0.1861,0.8597,0.1733,0.7973
PSM,CP-MAE,1,1.0,0.7635,0.6335,0.4352,0.6236,0.5126,0.658,0.9092,0.5374,0.9402,0.6839,0.6705,0.5449,0.6624,0.5384,0.6861
PSM,CP-MAE,1,1.0,0.7901,0.6289,0.4308,0.6244,0.5098,0.6936,0.9179,0.5429,0.9799,0.6987,0.6766,0.5284,0.6692,0.5225,0.6863
PSM,CP-MAE,1,1.0,0.8109,0.6197,0.4214,0.6175,0.501,0.7004,0.9629,0.5407,0.9981,0.7014,0.6744,0.5083,0.6671,0.5043,0.6837
PSM,CP-MAE,1,1.0,0.7527,0.61,0.4136,0.6269,0.4984,0.6293,0.9364,0.5141,0.9402,0.6647,0.6606,0.5058,0.6527,0.501,0.6712
PSM,CP-MAE,1,1.0,0.7808,0.6103,0.4149,0.6355,0.502,0.6608,0.954,0.5223,0.9799,0.6814,0.6679,0.5415,0.6583,0.5321,0.6837
WADI,CP-MAE,1,5.0,0.6936,0.9537,0.6071,0.2493,0.3534,0.664,0.7259,0.7737,0.5513,0.6438,0.8824,0.3766,0.8694,0.3641,0.8071
WADI,CP-MAE,1,5.0,0.7168,0.9543,0.6288,0.2434,0.351,0.6771,0.7614,0.7932,0.5513,0.6505,0.9077,0.3931,0.8808,0.3739,0.8007
WADI,CP-MAE,1,5.0,0.7066,0.953,0.5954,0.2287,0.3305,0.6721,0.745,0.7801,0.5513,0.646,0.8963,0.3785,0.879,0.3664,0.8061
WADI,CP-MAE,1,5.0,0.736,0.9536,0.6074,0.2405,0.3445,0.6676,0.82,0.7801,0.5513,0.646,0.8885,0.3685,0.8654,0.3554,0.7833
WADI,CP-MAE,1,5.0,0.7066,0.953,0.5954,0.2287,0.3305,0.6721,0.745,0.7801,0.5513,0.646,0.8963,0.3785,0.879,0.3664,0.8061
LTDB,CP-MAE,1,5.0,0.7887,0.8172,0.2627,0.348,0.2994,0.6736,0.9513,0.5046,0.9948,0.6696,0.778,0.338,0.7683,0.3268,0.6724
LTDB,CP-MAE,1,5.0,0.7882,0.8178,0.2631,0.3459,0.2988,0.6733,0.9505,0.5066,0.9948,0.6714,0.7839,0.3461,0.7748,0.3331,0.6818
LTDB,CP-MAE,1,5.0,0.7814,0.804,0.2412,0.3474,0.2847,0.6628,0.9515,0.4765,0.9948,0.6443,0.7857,0.3359,0.7781,0.3249,0.6928
LTDB,CP-MAE,1,5.0,0.7873,0.8094,0.2587,0.374,0.3059,0.6702,0.9541,0.4814,0.9948,0.6489,0.8006,0.3615,0.7926,0.3492,0.7076
LTDB,CP-MAE,1,5.0,0.7921,0.8263,0.2737,0.3311,0.2996,0.6794,0.9495,0.5323,1.0,0.6948,0.7872,0.349,0.778,0.3369,0.6882
WADI,CP-MAE,0,5.0,0.7251,0.9521,0.6203,0.1437,0.2333,0.7364,0.7141,0.8624,0.5513,0.6726,0.8763,0.3188,0.8581,0.3157,0.7766
WADI,CP-MAE,0,5.0,0.7177,0.9519,0.6047,0.1525,0.2436,0.7209,0.7145,0.8468,0.5513,0.6679,0.8778,0.3185,0.8596,0.3145,0.7784
WADI,CP-MAE,0,5.0,0.7045,0.9493,0.5,0.0821,0.1411,0.7147,0.6945,0.8704,0.5513,0.675,0.8544,0.2824,0.8359,0.2797,0.7484
WADI,CP-MAE,0,5.0,0.7617,0.9531,0.6912,0.1378,0.2298,0.8422,0.6952,0.8995,0.5513,0.6836,0.8543,0.2902,0.8371,0.2898,0.7562
WADI,CP-MAE,0,5.0,0.6591,0.9512,0.6182,0.0997,0.1717,0.7759,0.5729,0.8779,0.4428,0.5887,0.8731,0.2994,0.856,0.2958,0.7768
PSM,CP-MAE,0,1.0,0.7637,0.6245,0.4192,0.5576,0.4786,0.7071,0.83,0.5503,0.9455,0.6957,0.6316,0.4824,0.6223,0.4762,0.6456
PSM,CP-MAE,0,1.0,0.7225,0.6174,0.415,0.5809,0.4841,0.6503,0.8127,0.5351,0.9425,0.6827,0.6406,0.5091,0.6307,0.5012,0.6607
PSM,CP-MAE,0,1.0,0.7268,0.6222,0.418,0.5662,0.4809,0.6674,0.7977,0.5419,0.9325,0.6854,0.6043,0.4434,0.595,0.4394,0.6224
PSM,CP-MAE,0,1.0,0.7616,0.6214,0.4187,0.579,0.486,0.6782,0.8683,0.5482,0.9752,0.7018,0.6383,0.4955,0.6295,0.4893,0.6532
PSM,CP-MAE,0,1.0,0.7681,0.6218,0.4185,0.574,0.4841,0.6938,0.8603,0.5425,0.9455,0.6894,0.6299,0.4857,0.6208,0.4793,0.6461
SWaT,CP-MAE,0,1.0,0.5844,0.9518,0.0222,0.0083,0.0121,0.5036,0.6962,0.3087,0.1631,0.2134,0.853,0.1955,0.8363,0.1776,0.7447
SWaT,CP-MAE,0,1.0,0.5787,0.9519,0.0228,0.0085,0.0123,0.499,0.6889,0.31,0.1631,0.2137,0.8393,0.1575,0.8246,0.1462,0.7473
SWaT,CP-MAE,0,1.0,0.5777,0.9516,0.0218,0.0083,0.012,0.4974,0.6889,0.3049,0.1631,0.2125,0.8672,0.1996,0.8536,0.184,0.7827
SMD,CP-MAE,0,1.0,0.8478,0.9548,0.2072,0.2428,0.2236,0.7571,0.9631,0.5119,0.9743,0.6712,0.7668,0.1809,0.7643,0.1806,0.743
SMD,CP-MAE,0,1.0,0.8639,0.9571,0.1897,0.1838,0.1867,0.7869,0.9577,0.5533,0.9722,0.7052,0.7693,0.151,0.7665,0.1509,0.7451
SMD,CP-MAE,0,1.0,0.8369,0.9424,0.1664,0.2867,0.2106,0.7273,0.9853,0.4051,0.9778,0.5729,0.7797,0.1836,0.7775,0.1834,0.7574
LTDB,CP-MAE,0,5.0,0.7968,0.8514,0.2966,0.2356,0.2626,0.6909,0.941,0.6415,1.0,0.7816,0.7831,0.3388,0.7781,0.3305,0.691
LTDB,CP-MAE,0,5.0,0.7949,0.8507,0.2914,0.2301,0.2571,0.6882,0.9408,0.6412,1.0,0.7814,0.7814,0.3365,0.777,0.3284,0.6914
LTDB,CP-MAE,0,5.0,0.7948,0.8504,0.2948,0.2388,0.2639,0.6871,0.9425,0.6364,1.0,0.7778,0.7785,0.3371,0.7736,0.3287,0.6858
LTDB,CP-MAE,0,5.0,0.7884,0.8491,0.2779,0.2151,0.2425,0.6792,0.9394,0.6415,1.0,0.7816,0.7627,0.3125,0.7573,0.3048,0.6672
LTDB,CP-MAE,0,5.0,0.796,0.8478,0.2873,0.2401,0.2616,0.6887,0.943,0.6267,1.0,0.7705,0.7893,0.3431,0.784,0.3343,0.698
SWaT,CP-MAE,0,1.0,0.647,0.9375,0.0782,0.0703,0.0741,0.5554,0.7748,0.4792,0.7627,0.5886,0.8412,0.1599,0.827,0.1489,0.7505
SWaT,CP-MAE,0,1.0,0.6904,0.9493,0.2696,0.2495,0.2591,0.6276,0.7671,0.4969,0.6675,0.5697,0.8697,0.2191,0.854,0.2035,0.7788
SMD,CP-MAE,0,1.0,0.8391,0.9733,0.511,0.1088,0.1794,0.8158,0.8637,0.8982,0.9192,0.9086,0.7615,0.1631,0.7592,0.1631,0.7373
SMD,CP-MAE,0,1.0,0.8443,0.9725,0.4519,0.1183,0.1875,0.8251,0.8645,0.865,0.9192,0.8913,0.7764,0.1632,0.7737,0.1631,0.7554