data_name,algo,mf,affiliation_f,accuracy,precision,recall,f_score,affiliation_precision,affiliation_recall,adjust_precision,adjust_recall,adjust_f_score,R_AUC_ROC,R_AUC_PR,VUS_ROC,VUS_PR,auc_roc
WADI,CP-MAE,0.1,0.5701,0.9504,0.5625,0.1056,0.1778,0.6165,0.5301,0.8436,0.4428,0.5808,0.8852,0.3483,0.8639,0.3352,0.7867
WADI,CP-MAE,0.3,0.5716,0.9506,0.5714,0.1056,0.1782,0.6202,0.5301,0.8483,0.4428,0.5819,0.8845,0.3451,0.8647,0.334,0.7886
WADI,CP-MAE,0.7,0.5721,0.9507,0.5781,0.1085,0.1827,0.6202,0.531,0.8483,0.4428,0.5819,0.8843,0.3444,0.8661,0.3347,0.7926
WADI,CP-MAE,0.9,0.5722,0.9509,0.5846,0.1114,0.1872,0.6202,0.5311,0.8483,0.4428,0.5819,0.8844,0.3457,0.8668,0.3362,0.7948
SMD,CP-MAE,0.1,0.863,0.9433,0.1769,0.3057,0.2241,0.793,0.9466,0.4057,0.9715,0.5724,0.8148,0.2003,0.8116,0.1998,0.795
WADI,CP-MAE,0.1,0.6826,0.9461,0.2857,0.0411,0.0718,0.6786,0.6867,0.843,0.5513,0.6667,0.9044,0.363,0.8846,0.3482,0.8094
WADI,CP-MAE,0.3,0.6826,0.9461,0.2857,0.0411,0.0718,0.6786,0.6867,0.843,0.5513,0.6667,0.9043,0.363,0.8844,0.3482,0.8092
WADI,CP-MAE,0.7,0.6914,0.9472,0.3704,0.0587,0.1013,0.6809,0.7022,0.8468,0.5513,0.6679,0.9024,0.358,0.884,0.345,0.8117
WADI,CP-MAE,0.9,0.7013,0.9479,0.4151,0.0645,0.1117,0.6982,0.7044,0.8584,0.5513,0.6714,0.9026,0.3601,0.8859,0.3483,0.8178
WADI,CP-MAE,0.7,0.6657,0.9522,0.6515,0.1261,0.2113,0.6758,0.656,0.8678,0.4428,0.5864,0.873,0.3285,0.8595,0.3232,0.7841
WADI,CP-MAE,0.9,0.6657,0.9522,0.6515,0.1261,0.2113,0.6758,0.656,0.8678,0.4428,0.5864,0.8726,0.3259,0.8591,0.3211,0.7845
WADI,CP-MAE,0.7,0.6237,0.9531,0.697,0.1349,0.226,0.7481,0.5347,0.883,0.4428,0.5898,0.8588,0.3271,0.8399,0.3191,0.7538
WADI,CP-MAE,0.1,0.6097,0.9515,0.6271,0.1085,0.185,0.6598,0.5667,0.8952,0.5513,0.6824,0.8975,0.3728,0.8778,0.3599,0.8009
SMD,CP-MAE,0.9,0.8627,0.936,0.1684,0.3525,0.2279,0.7819,0.9621,0.3583,0.9722,0.5236,0.8177,0.215,0.8147,0.2144,0.8003
WADI,CP-MAE,0.3,0.6097,0.9515,0.6271,0.1085,0.185,0.6598,0.5667,0.8952,0.5513,0.6824,0.8971,0.3729,0.8772,0.3608,0.8002
WADI,CP-MAE,0.7,0.7041,0.9472,0.2308,0.0176,0.0327,0.7711,0.6478,0.883,0.4428,0.5898,0.8617,0.3105,0.8449,0.3054,0.7676
WADI,CP-MAE,0.9,0.6585,0.9519,0.6125,0.1437,0.2328,0.6561,0.661,0.8297,0.4428,0.5774,0.8846,0.3674,0.8654,0.3562,0.778
SWaT,CP-MAE,0.1,0.487,0.9633,0.0,0.0,0.0,0.5636,0.4287,0.0,0.0,0.0,0.8601,0.1832,0.8433,0.1682,0.7538
SWaT,CP-MAE,0.3,0.4967,0.9634,0.0,0.0,0.0,0.5267,0.4699,0.0,0.0,0.0,0.8614,0.1845,0.8439,0.1692,0.7516
SWaT,CP-MAE,0.7,0.5417,0.9633,0.0,0.0,0.0,0.5752,0.5119,0.0,0.0,0.0,0.8614,0.1862,0.8432,0.1703,0.7487
SWaT,CP-MAE,0.9,0.5447,0.9632,0.0,0.0,0.0,0.582,0.5119,0.0,0.0,0.0,0.862,0.188,0.8438,0.172,0.7485
WADI,CP-MAE,0.1,0.6574,0.9516,0.5976,0.1437,0.2317,0.6538,0.661,0.8207,0.4428,0.5752,0.8866,0.3672,0.8644,0.3538,0.7748
WADI,CP-MAE,0.3,0.6585,0.9518,0.6049,0.1437,0.2322,0.6561,0.661,0.8251,0.4428,0.5763,0.8872,0.3684,0.8657,0.3547,0.7768
SMD,CP-MAE,0.1,0.8586,0.9439,0.1864,0.3249,0.2369,0.7909,0.939,0.4065,0.9715,0.5732,0.8279,0.2186,0.8248,0.218,0.8076
WADI,CP-MAE,0.9,0.6796,0.9503,0.5507,0.1114,0.1854,0.6665,0.6933,0.8584,0.5513,0.6714,0.8785,0.3557,0.8624,0.3483,0.786
PSM,CP-MAE,0.1,0.7658,0.6191,0.4233,0.6412,0.5099,0.6562,0.9195,0.5282,0.978,0.686,0.6749,0.5161,0.6678,0.512,0.6848
PSM,CP-MAE,0.7,0.7658,0.6246,0.4279,0.6366,0.5118,0.6602,0.9117,0.5271,0.9485,0.6776,0.6739,0.5155,0.667,0.5115,0.6838
WADI,CP-MAE,0.1,0.6538,0.9497,0.5224,0.1026,0.1716,0.6554,0.6521,0.8251,0.4428,0.5763,0.8808,0.3577,0.8614,0.3473,0.7818
WADI,CP-MAE,0.3,0.6535,0.9499,0.5303,0.1026,0.172,0.6549,0.6521,0.8297,0.4428,0.5774,0.8808,0.3571,0.8627,0.3482,0.7839
PSM,CP-MAE,0.3,0.779,0.6443,0.4464,0.6279,0.5218,0.6796,0.9125,0.5546,0.9697,0.7057,0.6809,0.5386,0.6735,0.5331,0.691
SMD,CP-MAE,0.3,0.8504,0.8925,0.116,0.4552,0.1849,0.7468,0.9874,0.221,0.9838,0.3609,0.8423,0.2355,0.8395,0.2346,0.8262
SMD,CP-MAE,0.9,0.8597,0.9445,0.1843,0.3129,0.232,0.7929,0.9388,0.4123,0.9715,0.5789,0.8231,0.2161,0.8198,0.2155,0.8018
SMD,CP-MAE,0.7,0.8307,0.8801,0.1055,0.4645,0.1719,0.7168,0.9878,0.1998,0.9838,0.3322,0.8354,0.229,0.8322,0.2281,0.8159
SWaT,CP-MAE,0.1,0.599,0.9612,0.0317,0.0032,0.0058,0.5505,0.6568,0.4471,0.0783,0.1332,0.8781,0.1942,0.8608,0.1781,0.7761
SWaT,CP-MAE,0.3,0.6068,0.9611,0.0333,0.0033,0.0061,0.5581,0.6647,0.4458,0.0783,0.1332,0.8789,0.1952,0.8612,0.179,0.7736
SWaT,CP-MAE,0.7,0.6043,0.9613,0.0345,0.0033,0.0061,0.5596,0.6568,0.4554,0.0783,0.1336,0.8785,0.1951,0.8607,0.1789,0.7728
SWaT,CP-MAE,0.9,0.6052,0.9614,0.0337,0.0032,0.0058,0.5612,0.6567,0.4625,0.0783,0.1339,0.8789,0.1952,0.8611,0.1788,0.7737
SMD,CP-MAE,0.3,0.8608,0.9356,0.1629,0.3396,0.2202,0.7776,0.9639,0.3579,0.9722,0.5232,0.831,0.2196,0.8278,0.219,0.8105
SMD,CP-MAE,0.7,0.8592,0.9447,0.184,0.3099,0.2309,0.7921,0.9388,0.4141,0.9715,0.5807,0.8223,0.2121,0.8191,0.2116,0.8012
SMD,CP-MAE,0.9,0.8634,0.9419,0.1802,0.3292,0.2329,0.7923,0.9484,0.3947,0.9767,0.5622,0.8195,0.2136,0.8164,0.213,0.8007
SMD,CP-MAE,0.1,0.8313,0.8873,0.1086,0.4447,0.1746,0.7158,0.9912,0.2127,0.9858,0.3499,0.837,0.2419,0.8341,0.2408,0.8188
PSM,CP-MAE,0.1,0.8027,0.6241,0.4249,0.6117,0.5015,0.7059,0.9302,0.5416,0.978,0.6971,0.6749,0.508,0.6679,0.5042,0.6826
PSM,CP-MAE,0.3,0.8094,0.616,0.4183,0.6207,0.4998,0.6998,0.9598,0.5363,0.9981,0.6977,0.6728,0.5051,0.666,0.5013,0.6827
PSM,CP-MAE,0.7,0.798,0.6238,0.4247,0.6118,0.5014,0.6987,0.9301,0.5413,0.978,0.6969,0.6738,0.5066,0.6667,0.5028,0.6814
SWaT,CP-MAE,0.1,0.6668,0.9389,0.1487,0.1525,0.1506,0.5797,0.7845,0.4662,0.7627,0.5787,0.8661,0.1936,0.8502,0.1795,0.765
SWaT,CP-MAE,0.3,0.6672,0.9388,0.1506,0.1555,0.153,0.5803,0.7846,0.4651,0.7627,0.5778,0.8664,0.1962,0.8506,0.1815,0.7658
SWaT,CP-MAE,0.7,0.668,0.9394,0.1562,0.1603,0.1582,0.5816,0.7847,0.4684,0.7627,0.5804,0.8695,0.1991,0.8532,0.1845,0.7654
SWaT,CP-MAE,0.9,0.6677,0.9394,0.1559,0.1597,0.1578,0.581,0.7847,0.4686,0.7627,0.5805,0.8701,0.1997,0.854,0.1851,0.7683
SMD,CP-MAE,0.9,0.8655,0.9504,0.2025,0.2897,0.2384,0.8044,0.9367,0.4598,0.9715,0.6242,0.8189,0.2109,0.816,0.2104,0.8002
SMD,CP-MAE,0.1,0.862,0.944,0.1749,0.2932,0.2191,0.7978,0.9375,0.4126,0.9715,0.5792,0.8179,0.2007,0.8148,0.2001,0.7982
SMD,CP-MAE,0.3,0.8402,0.8975,0.1189,0.4412,0.1874,0.7292,0.9909,0.2317,0.9858,0.3753,0.8378,0.2381,0.8348,0.2372,0.8192
SMD,CP-MAE,0.7,0.8249,0.8599,0.0905,0.4675,0.1517,0.7057,0.9926,0.1736,0.9867,0.2952,0.8376,0.238,0.8347,0.237,0.8187
SMD,CP-MAE,0.9,0.8639,0.9453,0.1868,0.3109,0.2334,0.8002,0.9385,0.4178,0.9715,0.5844,0.8168,0.2083,0.8137,0.2077,0.7979
SWaT,CP-MAE,0.1,0.6413,0.9354,0.0648,0.061,0.0628,0.5531,0.7631,0.4272,0.6567,0.5177,0.8755,0.1908,0.8603,0.1763,0.7793
SWaT,CP-MAE,0.3,0.6414,0.9353,0.0648,0.0612,0.063,0.5533,0.7631,0.4267,0.6567,0.5173,0.8755,0.1909,0.8604,0.1764,0.7794
SMD,CP-MAE,0.3,0.8647,0.9434,0.1738,0.2964,0.2191,0.8016,0.9385,0.4082,0.9715,0.5748,0.8186,0.1983,0.8153,0.1977,0.7985
SWaT,CP-MAE,0.7,0.6438,0.9385,0.068,0.0575,0.0623,0.5562,0.764,0.4918,0.7627,0.598,0.8693,0.1839,0.8542,0.1703,0.7807
SMD,CP-MAE,0.7,0.864,0.9491,0.1945,0.2866,0.2318,0.8005,0.9384,0.4502,0.9715,0.6153,0.8187,0.2041,0.8156,0.2034,0.8002
SWaT,CP-MAE,0.9,0.6412,0.9379,0.0633,0.0543,0.0585,0.5524,0.7642,0.4871,0.7627,0.5945,0.8696,0.1827,0.8544,0.1692,0.7799
PSM,CP-MAE,0.1,0.763,0.628,0.4287,0.6114,0.504,0.649,0.9254,0.5357,0.9402,0.6825,0.6606,0.5056,0.6525,0.5008,0.6701
PSM,CP-MAE,0.3,0.7572,0.6154,0.4173,0.6163,0.4976,0.6375,0.9324,0.5221,0.9402,0.6714,0.6607,0.5042,0.6527,0.4995,0.6687
PSM,CP-MAE,0.7,0.773,0.6397,0.4398,0.6053,0.5094,0.6626,0.9274,0.5495,0.9402,0.6936,0.6573,0.4974,0.6489,0.4928,0.6665
SMD,CP-MAE,0.3,0.8668,0.9451,0.1876,0.3151,0.2352,0.7997,0.9463,0.416,0.9715,0.5825,0.827,0.2118,0.8239,0.2112,0.8094
SWaT,CP-MAE,0.1,0.6587,0.9378,0.0807,0.0721,0.0761,0.568,0.7839,0.4813,0.7627,0.5902,0.8656,0.1868,0.852,0.1731,0.7772
SWaT,CP-MAE,0.3,0.6588,0.938,0.0817,0.0728,0.077,0.5682,0.7839,0.4824,0.7627,0.591,0.8663,0.1881,0.8524,0.1741,0.7767
PSM,CP-MAE,0.9,0.7731,0.6351,0.4375,0.6317,0.517,0.6686,0.9162,0.5442,0.9697,0.6972,0.6779,0.5363,0.6705,0.5308,0.6898
SMD,CP-MAE,0.7,0.8637,0.9451,0.1856,0.3097,0.2321,0.7999,0.9385,0.4169,0.9715,0.5834,0.8161,0.2072,0.8129,0.2065,0.7971
SMD,CP-MAE,0.1,0.8228,0.8805,0.1064,0.4673,0.1733,0.7032,0.9913,0.2009,0.9867,0.3338,0.8479,0.2487,0.8452,0.2477,0.8318
SWaT,CP-MAE,0.7,0.6588,0.9377,0.0834,0.0756,0.0793,0.5681,0.784,0.4786,0.7627,0.5881,0.8689,0.1903,0.8548,0.1759,0.7783
PSM,CP-MAE,0.1,0.7938,0.6205,0.4224,0.6206,0.5027,0.6957,0.9241,0.5334,0.9697,0.6882,0.6751,0.5504,0.6668,0.5425,0.6887
PSM,CP-MAE,0.7,0.7875,0.6183,0.4207,0.623,0.5023,0.6861,0.9242,0.5306,0.9697,0.6859,0.6724,0.5463,0.6644,0.5388,0.6863
SWaT,CP-MAE,0.9,0.6586,0.9339,0.0721,0.0726,0.0724,0.567,0.7854,0.4494,0.7627,0.5655,0.8763,0.1915,0.8617,0.177,0.7876
PSM,CP-MAE,0.3,0.7979,0.6185,0.4207,0.6208,0.5015,0.7005,0.9267,0.5336,0.978,0.6905,0.6695,0.5469,0.6612,0.539,0.6846
PSM,CP-MAE,0.9,0.7925,0.6216,0.4228,0.6143,0.5009,0.69,0.9306,0.5383,0.978,0.6944,0.6729,0.5057,0.6658,0.502,0.6813
PSM,CP-MAE,0.1,0.7701,0.6336,0.4353,0.6236,0.5127,0.6704,0.9046,0.5376,0.9402,0.684,0.6641,0.5203,0.6561,0.514,0.6771
PSM,CP-MAE,0.7,0.7689,0.6263,0.4284,0.6261,0.5087,0.6543,0.9322,0.5296,0.9402,0.6775,0.6613,0.5255,0.6526,0.5185,0.6755
PSM,CP-MAE,0.9,0.7667,0.6279,0.4283,0.6085,0.5027,0.6527,0.9291,0.5365,0.9402,0.6832,0.6566,0.4968,0.6481,0.4923,0.666
PSM,CP-MAE,0.3,0.7748,0.6329,0.4344,0.6218,0.5115,0.6637,0.9308,0.5374,0.9402,0.6839,0.6632,0.5285,0.6544,0.5213,0.6775
PSM,CP-MAE,0.9,0.8033,0.6182,0.4201,0.6183,0.5003,0.7028,0.9374,0.5344,0.9798,0.6916,0.6679,0.5421,0.6598,0.5348,0.6833
PSM,CP-MAE,0.9,0.7658,0.6224,0.4248,0.6259,0.5061,0.6498,0.9322,0.5259,0.9402,0.6745,0.6604,0.5235,0.6517,0.5167,0.6745
LTDB,CP-MAE,0.9,0.791,0.8294,0.274,0.3147,0.2929,0.6785,0.9483,0.544,0.9948,0.7034,0.7733,0.3346,0.7633,0.3221,0.6646
LTDB,CP-MAE,0.7,0.784,0.8112,0.2536,0.3508,0.2944,0.6671,0.9507,0.4907,0.9948,0.6572,0.7851,0.3485,0.7752,0.3353,0.6816
LTDB,CP-MAE,0.1,0.7851,0.8076,0.2498,0.3564,0.2938,0.6674,0.9534,0.4818,0.9948,0.6491,0.8002,0.3506,0.795,0.3396,0.7199
LTDB,CP-MAE,0.3,0.7891,0.8168,0.2632,0.3511,0.3008,0.6739,0.9517,0.503,0.9948,0.6681,0.7877,0.3507,0.7785,0.3387,0.686
LTDB,CP-MAE,0.9,0.7895,0.8264,0.2682,0.3164,0.2903,0.6762,0.9485,0.5354,0.9948,0.6962,0.7693,0.3297,0.7591,0.3187,0.6593
LTDB,CP-MAE,0.7,0.788,0.8256,0.2656,0.3137,0.2877,0.6739,0.9487,0.5343,0.9948,0.6952,0.7695,0.3287,0.7602,0.3179,0.6634
LTDB,CP-MAE,0.1,0.7878,0.8264,0.2661,0.3105,0.2866,0.6741,0.9477,0.5373,0.9948,0.6978,0.7672,0.3273,0.7568,0.3157,0.6581
LTDB,CP-MAE,0.3,0.7781,0.7954,0.2339,0.3613,0.284,0.6578,0.9522,0.4567,0.9948,0.626,0.7892,0.3381,0.7811,0.3265,0.6965
LTDB,CP-MAE,0.7,0.789,0.8168,0.2647,0.3551,0.3033,0.6736,0.952,0.5021,0.9948,0.6673,0.7943,0.3562,0.7846,0.3432,0.6929
LTDB,CP-MAE,0.1,0.7848,0.7965,0.2522,0.4135,0.3133,0.6648,0.9579,0.4491,1.0,0.6199,0.8106,0.3711,0.8059,0.3605,0.7358
LTDB,CP-MAE,0.9,0.7885,0.8166,0.2582,0.3384,0.2929,0.6736,0.9508,0.5058,0.9948,0.6706,0.7638,0.3206,0.7537,0.3106,0.6531
LTDB,CP-MAE,0.3,0.7878,0.8089,0.2575,0.3732,0.3048,0.6709,0.954,0.4818,1.0,0.6502,0.7977,0.3608,0.7895,0.3484,0.7032
LTDB,CP-MAE,0.7,0.7902,0.8251,0.2711,0.3302,0.2978,0.6768,0.9492,0.5298,1.0,0.6926,0.7804,0.3444,0.7701,0.3321,0.6723
LTDB,CP-MAE,0.1,0.7916,0.8237,0.2716,0.339,0.3016,0.6784,0.9504,0.5238,1.0,0.6875,0.7858,0.3493,0.7755,0.3368,0.6793
LTDB,CP-MAE,0.9,0.7898,0.8224,0.2692,0.3392,0.3002,0.6761,0.9495,0.5206,1.0,0.6847,0.7823,0.347,0.7711,0.3344,0.6707
LTDB,CP-MAE,0.3,0.7871,0.815,0.2592,0.3485,0.2973,0.671,0.9516,0.501,1.0,0.6675,0.795,0.3485,0.7877,0.3366,0.7077
LTDB,CP-MAE,0.7,0.7869,0.8217,0.2579,0.3132,0.2828,0.6721,0.9489,0.5247,0.9948,0.687,0.7531,0.3102,0.7421,0.3002,0.6368
LTDB,CP-MAE,0.1,0.7872,0.8205,0.2611,0.3275,0.2906,0.6717,0.9508,0.519,1.0,0.6834,0.7696,0.3301,0.759,0.3185,0.6588
LTDB,CP-MAE,0.9,0.7885,0.8229,0.2607,0.3145,0.2851,0.6744,0.9492,0.5273,0.9948,0.6892,0.7545,0.3113,0.7438,0.3014,0.6399
LTDB,CP-MAE,0.3,0.7867,0.8183,0.2583,0.3304,0.2899,0.6709,0.9509,0.5132,1.0,0.6783,0.769,0.3294,0.7584,0.3179,0.6577
SMD,CP-MAE,0.5,0.8706,0.9734,0.5096,0.2168,0.3041,0.8707,0.8705,0.8206,0.9543,0.8825,0.8426,0.2569,0.8393,0.2555,0.8219
SMD,CP-MAE,0.5,0.8693,0.9717,0.4347,0.1864,0.261,0.8478,0.892,0.7975,0.9548,0.8691,0.8235,0.2206,0.8204,0.2199,0.8003
SMD,CP-MAE,0.5,0.8583,0.9722,0.4625,0.2201,0.2983,0.8458,0.8711,0.7887,0.9543,0.8636,0.8358,0.2465,0.8318,0.2453,0.81
SMD,CP-MAE,0.5,0.866,0.9699,0.3837,0.2061,0.2682,0.8612,0.8709,0.7424,0.9543,0.8352,0.8315,0.213,0.828,0.212,0.8103
SMD,CP-MAE,0.5,0.8747,0.97,0.3987,0.2378,0.2979,0.8524,0.8982,0.7287,0.963,0.8296,0.8471,0.2402,0.844,0.2392,0.8278
SWaT,CP-MAE,0.5,0.5987,0.9521,0.0787,0.0326,0.0461,0.5256,0.6954,0.5471,0.461,0.5004,0.8842,0.2238,0.8737,0.2106,0.8181
SWaT,CP-MAE,0.5,0.5794,0.9517,0.0216,0.0081,0.0118,0.4999,0.689,0.3074,0.1631,0.2131,0.8737,0.1868,0.8604,0.1735,0.7875
SWaT,CP-MAE,0.5,0.5812,0.9517,0.0234,0.0088,0.0128,0.5025,0.6891,0.3074,0.1631,0.2131,0.8721,0.1978,0.8579,0.1835,0.7856
SWaT,CP-MAE,0.5,0.6729,0.9387,0.169,0.1851,0.1767,0.5993,0.7671,0.4558,0.7627,0.5706,0.8697,0.2054,0.8592,0.191,0.7927
SWaT,CP-MAE,0.5,0.6621,0.9366,0.0876,0.0832,0.0853,0.5726,0.7847,0.468,0.7627,0.58,0.8725,0.1861,0.8597,0.1733,0.7973
PSM,CP-MAE,0.5,0.7635,0.6335,0.4352,0.6236,0.5126,0.658,0.9092,0.5374,0.9402,0.6839,0.6705,0.5449,0.6624,0.5384,0.6861
PSM,CP-MAE,0.5,0.7901,0.6289,0.4308,0.6244,0.5098,0.6936,0.9179,0.5429,0.9799,0.6987,0.6766,0.5284,0.6692,0.5225,0.6863
PSM,CP-MAE,0.5,0.8109,0.6197,0.4214,0.6175,0.501,0.7004,0.9629,0.5407,0.9981,0.7014,0.6744,0.5083,0.6671,0.5043,0.6837
PSM,CP-MAE,0.5,0.7527,0.61,0.4136,0.6269,0.4984,0.6293,0.9364,0.5141,0.9402,0.6647,0.6606,0.5058,0.6527,0.501,0.6712
PSM,CP-MAE,0.5,0.7808,0.6103,0.4149,0.6355,0.502,0.6608,0.954,0.5223,0.9799,0.6814,0.6679,0.5415,0.6583,0.5321,0.6837
WADI,CP-MAE,0.5,0.6936,0.9537,0.6071,0.2493,0.3534,0.664,0.7259,0.7737,0.5513,0.6438,0.8824,0.3766,0.8694,0.3641,0.8071
WADI,CP-MAE,0.5,0.7168,0.9543,0.6288,0.2434,0.351,0.6771,0.7614,0.7932,0.5513,0.6505,0.9077,0.3931,0.8808,0.3739,0.8007
WADI,CP-MAE,0.5,0.7066,0.953,0.5954,0.2287,0.3305,0.6721,0.745,0.7801,0.5513,0.646,0.8963,0.3785,0.879,0.3664,0.8061
WADI,CP-MAE,0.5,0.736,0.9536,0.6074,0.2405,0.3445,0.6676,0.82,0.7801,0.5513,0.646,0.8885,0.3685,0.8654,0.3554,0.7833
WADI,CP-MAE,0.5,0.7066,0.953,0.5954,0.2287,0.3305,0.6721,0.745,0.7801,0.5513,0.646,0.8963,0.3785,0.879,0.3664,0.8061
LTDB,CP-MAE,0.5,0.7887,0.8172,0.2627,0.348,0.2994,0.6736,0.9513,0.5046,0.9948,0.6696,0.778,0.338,0.7683,0.3268,0.6724
LTDB,CP-MAE,0.5,0.7882,0.8178,0.2631,0.3459,0.2988,0.6733,0.9505,0.5066,0.9948,0.6714,0.7839,0.3461,0.7748,0.3331,0.6818
LTDB,CP-MAE,0.5,0.7814,0.804,0.2412,0.3474,0.2847,0.6628,0.9515,0.4765,0.9948,0.6443,0.7857,0.3359,0.7781,0.3249,0.6928
LTDB,CP-MAE,0.5,0.7873,0.8094,0.2587,0.374,0.3059,0.6702,0.9541,0.4814,0.9948,0.6489,0.8006,0.3615,0.7926,0.3492,0.7076
LTDB,CP-MAE,0.5,0.7921,0.8263,0.2737,0.3311,0.2996,0.6794,0.9495,0.5323,1.0,0.6948,0.7872,0.349,0.778,0.3369,0.6882
