data_name,algo,win_size,affiliation_f,accuracy,precision,recall,f_score,affiliation_precision,affiliation_recall,adjust_precision,adjust_recall,adjust_f_score,R_AUC_ROC,R_AUC_PR,VUS_ROC,VUS_PR,auc_roc
PSM,CP-MAE,128,0.755,0.6508,0.45,0.5841,0.5083,0.631,0.9395,0.561,0.9124,0.6948,0.6568,0.4922,0.6499,0.4877,0.6618
PSM,CP-MAE,128,0.7438,0.6184,0.4176,0.5949,0.4907,0.6124,0.947,0.5317,0.942,0.6798,0.645,0.4707,0.6389,0.4673,0.65
PSM,CP-MAE,128,0.7603,0.6226,0.4197,0.577,0.4859,0.6423,0.9315,0.5334,0.9124,0.6732,0.6373,0.4526,0.6306,0.4499,0.6455
PSM,CP-MAE,128,0.7527,0.6078,0.4075,0.592,0.4827,0.6264,0.9429,0.5247,0.9501,0.676,0.6454,0.4556,0.6376,0.4524,0.6554
PSM,CP-MAE,128,0.7503,0.6153,0.4142,0.5908,0.487,0.6215,0.9465,0.53,0.942,0.6783,0.6458,0.4615,0.6391,0.4583,0.6543
SMD,CP-MAE,128,0.8379,0.95,0.1993,0.2864,0.235,0.7753,0.9116,0.4559,0.9645,0.6192,0.8081,0.1738,0.8048,0.1735,0.7868
SMD,CP-MAE,128,0.8356,0.9541,0.2203,0.2814,0.2471,0.7799,0.8999,0.4925,0.9665,0.6525,0.8123,0.1856,0.8089,0.1852,0.7893
SMD,CP-MAE,128,0.8409,0.9525,0.204,0.2667,0.2312,0.7805,0.9114,0.4817,0.9673,0.6432,0.8164,0.1749,0.8126,0.1745,0.792
SMD,CP-MAE,128,0.8408,0.9583,0.2436,0.2644,0.2536,0.781,0.9106,0.5402,0.9645,0.6925,0.8129,0.2064,0.8085,0.2056,0.7832
WADI,CP-MAE,128,0.6932,0.9504,0.4853,0.0968,0.1614,0.6554,0.7357,0.843,0.5513,0.6667,0.8525,0.2668,0.834,0.2611,0.7498
WADI,CP-MAE,128,0.6704,0.9537,0.7333,0.0968,0.171,0.7861,0.5844,0.9084,0.349,0.5042,0.838,0.2569,0.8194,0.2561,0.7345
WADI,CP-MAE,128,0.6023,0.9499,0.4658,0.0997,0.1643,0.5716,0.6365,0.7532,0.349,0.477,0.8466,0.2672,0.8299,0.261,0.7421
WADI,CP-MAE,128,0.7288,0.9533,0.6552,0.1114,0.1905,0.7352,0.7226,0.9038,0.5513,0.6849,0.866,0.3515,0.844,0.3337,0.7477
WADI,CP-MAE,128,0.697,0.9512,0.5303,0.1026,0.172,0.6589,0.7396,0.8584,0.5513,0.6714,0.8409,0.257,0.823,0.255,0.7227
SWaT,CP-MAE,128,0.5713,0.9524,0.0116,0.0041,0.006,0.4877,0.6894,0.3208,0.1631,0.2162,0.8469,0.1536,0.8327,0.144,0.7557
SWaT,CP-MAE,128,0.5867,0.9515,0.0397,0.0159,0.0227,0.5073,0.6955,0.5458,0.461,0.4999,0.8475,0.1691,0.8342,0.1601,0.7611
SWaT,CP-MAE,128,0.5959,0.9518,0.0537,0.0215,0.0307,0.521,0.6959,0.549,0.461,0.5012,0.8535,0.1772,0.8398,0.1671,0.7654
SWaT,CP-MAE,128,0.6013,0.9537,0.147,0.0636,0.0888,0.5279,0.6984,0.5552,0.461,0.5038,0.8391,0.1728,0.8279,0.1643,0.7606
LTDB,CP-MAE,128,0.8059,0.8413,0.3138,0.3497,0.3308,0.6971,0.9548,0.5666,1.0,0.7233,0.7971,0.3811,0.7909,0.3707,0.7175
LTDB,CP-MAE,128,0.7973,0.847,0.3035,0.2811,0.2919,0.6898,0.9446,0.6079,1.0,0.7561,0.7725,0.3469,0.7676,0.3378,0.6904
LTDB,CP-MAE,128,0.7937,0.8431,0.2942,0.2852,0.2896,0.6843,0.9449,0.5938,1.0,0.7451,0.7657,0.3414,0.7605,0.3322,0.681
LTDB,CP-MAE,128,0.7912,0.845,0.2923,0.2686,0.2799,0.6815,0.9429,0.6059,1.0,0.7546,0.7481,0.3262,0.7434,0.3175,0.6622
LTDB,CP-MAE,128,0.7962,0.8477,0.3042,0.2778,0.2904,0.6884,0.944,0.6115,1.0,0.7589,0.7713,0.3462,0.7664,0.337,0.6893
SWaT,CP-MAE,240,0.5869,0.9505,0.0267,0.0111,0.0157,0.5107,0.6899,0.287,0.1631,0.208,0.8747,0.1954,0.8606,0.1811,0.783
SWaT,CP-MAE,240,0.5823,0.9508,0.0206,0.0083,0.0118,0.504,0.6894,0.2928,0.1631,0.2095,0.8468,0.1552,0.8321,0.1436,0.7444
SWaT,CP-MAE,240,0.5814,0.9508,0.0231,0.0093,0.0133,0.5028,0.6891,0.2919,0.1631,0.2093,0.8649,0.183,0.8517,0.17,0.7747
SWaT,CP-MAE,240,0.5809,0.9501,0.0217,0.0092,0.0129,0.5019,0.6894,0.2825,0.1631,0.2068,0.859,0.1547,0.8465,0.1448,0.7757
SWaT,CP-MAE,240,0.5804,0.9507,0.0213,0.0086,0.0123,0.5012,0.6894,0.2908,0.1631,0.209,0.8558,0.1644,0.841,0.1534,0.7601
SMD,CP-MAE,240,0.8325,0.8969,0.1151,0.4255,0.1812,0.723,0.9811,0.2311,0.9832,0.3742,0.8252,0.2319,0.8225,0.2309,0.8042
SMD,CP-MAE,240,0.8415,0.8963,0.1113,0.4107,0.1752,0.7381,0.9787,0.2307,0.9832,0.3738,0.8242,0.2275,0.8209,0.2266,0.8012
SMD,CP-MAE,240,0.8482,0.899,0.1156,0.4164,0.181,0.7516,0.9731,0.2349,0.978,0.3788,0.8246,0.2185,0.8217,0.2179,0.8045
SMD,CP-MAE,240,0.8473,0.8963,0.1158,0.432,0.1826,0.7453,0.9818,0.2317,0.995,0.3758,0.8344,0.2493,0.8319,0.2483,0.8174
SMD,CP-MAE,240,0.8123,0.8906,0.1092,0.4304,0.1742,0.6923,0.9825,0.221,0.9958,0.3617,0.8185,0.2434,0.8154,0.2426,0.7938
WADI,CP-MAE,240,0.6931,0.957,0.7766,0.2141,0.3356,0.7151,0.6725,0.8995,0.5513,0.6836,0.9063,0.4202,0.8883,0.413,0.791
WADI,CP-MAE,240,0.6417,0.9565,0.7634,0.2082,0.3272,0.6596,0.6247,0.8952,0.5513,0.6824,0.9148,0.4425,0.8957,0.4318,0.7895
WADI,CP-MAE,240,0.6172,0.9522,0.6471,0.129,0.2152,0.6214,0.613,0.8629,0.4428,0.5853,0.8957,0.3894,0.8771,0.3807,0.7749
WADI,CP-MAE,240,0.704,0.956,0.7064,0.2258,0.3422,0.6995,0.7086,0.8545,0.5513,0.6702,0.9099,0.394,0.8944,0.3922,0.8025
WADI,CP-MAE,240,0.652,0.9522,0.6389,0.1349,0.2228,0.6412,0.6632,0.8785,0.5513,0.6775,0.8989,0.3632,0.8819,0.3563,0.8011
PSM,CP-MAE,240,0.7694,0.66,0.459,0.5836,0.5138,0.673,0.898,0.5695,0.91,0.7006,0.66,0.5021,0.653,0.4974,0.6671
PSM,CP-MAE,240,0.7586,0.6727,0.4741,0.5769,0.5205,0.6917,0.84,0.5863,0.9072,0.7123,0.6669,0.5028,0.6592,0.4981,0.674
PSM,CP-MAE,240,0.7703,0.6873,0.4932,0.5704,0.529,0.6974,0.8602,0.6083,0.91,0.7292,0.6699,0.5195,0.6626,0.5141,0.6749
PSM,CP-MAE,240,0.7611,0.6213,0.4194,0.5988,0.4933,0.654,0.9101,0.5314,0.9399,0.6789,0.6635,0.5001,0.6562,0.4952,0.6757
PSM,CP-MAE,240,0.753,0.697,0.507,0.5756,0.5391,0.6958,0.8205,0.6191,0.91,0.7369,0.6728,0.5089,0.6658,0.5046,0.6748
LTDB,CP-MAE,240,0.7934,0.8443,0.2958,0.2806,0.288,0.6843,0.9441,0.5996,1.0,0.7497,0.7474,0.3208,0.7385,0.3092,0.6467
LTDB,CP-MAE,240,0.791,0.8295,0.2858,0.3465,0.3132,0.6773,0.9506,0.536,1.0,0.6979,0.7975,0.3724,0.7871,0.3584,0.6952
LTDB,CP-MAE,240,0.7917,0.8366,0.2928,0.3221,0.3068,0.6802,0.947,0.5624,1.0,0.7199,0.7867,0.3674,0.7753,0.352,0.6805
LTDB,CP-MAE,240,0.7912,0.8385,0.2843,0.2897,0.287,0.68,0.9461,0.5783,1.0,0.7329,0.7638,0.3318,0.7544,0.3199,0.6611
LTDB,CP-MAE,240,0.7869,0.8299,0.2809,0.3306,0.3038,0.6729,0.9474,0.5403,0.9948,0.7003,0.7822,0.3573,0.7709,0.3422,0.6738
SMD,CP-MAE,320,0.8706,0.9734,0.5096,0.2168,0.3041,0.8707,0.8705,0.8206,0.9543,0.8825,0.8426,0.2569,0.8393,0.2555,0.8219
SMD,CP-MAE,320,0.8693,0.9717,0.4347,0.1864,0.261,0.8478,0.892,0.7975,0.9548,0.8691,0.8235,0.2206,0.8204,0.2199,0.8003
SMD,CP-MAE,320,0.8583,0.9722,0.4625,0.2201,0.2983,0.8458,0.8711,0.7887,0.9543,0.8636,0.8358,0.2465,0.8318,0.2453,0.81
SMD,CP-MAE,320,0.866,0.9699,0.3837,0.2061,0.2682,0.8612,0.8709,0.7424,0.9543,0.8352,0.8315,0.213,0.828,0.212,0.8103
SMD,CP-MAE,320,0.8747,0.97,0.3987,0.2378,0.2979,0.8524,0.8982,0.7287,0.963,0.8296,0.8471,0.2402,0.844,0.2392,0.8278
SWaT,CP-MAE,320,0.5987,0.9521,0.0787,0.0326,0.0461,0.5256,0.6954,0.5471,0.461,0.5004,0.8842,0.2238,0.8737,0.2106,0.8181
SWaT,CP-MAE,320,0.5794,0.9517,0.0216,0.0081,0.0118,0.4999,0.689,0.3074,0.1631,0.2131,0.8737,0.1868,0.8604,0.1735,0.7875
SWaT,CP-MAE,320,0.5812,0.9517,0.0234,0.0088,0.0128,0.5025,0.6891,0.3074,0.1631,0.2131,0.8721,0.1978,0.8579,0.1835,0.7856
SWaT,CP-MAE,320,0.6729,0.9387,0.169,0.1851,0.1767,0.5993,0.7671,0.4558,0.7627,0.5706,0.8697,0.2054,0.8592,0.191,0.7927
SWaT,CP-MAE,320,0.6621,0.9366,0.0876,0.0832,0.0853,0.5726,0.7847,0.468,0.7627,0.58,0.8725,0.1861,0.8597,0.1733,0.7973
PSM,CP-MAE,320,0.7635,0.6335,0.4352,0.6236,0.5126,0.658,0.9092,0.5374,0.9402,0.6839,0.6705,0.5449,0.6624,0.5384,0.6861
PSM,CP-MAE,320,0.7901,0.6289,0.4308,0.6244,0.5098,0.6936,0.9179,0.5429,0.9799,0.6987,0.6766,0.5284,0.6692,0.5225,0.6863
PSM,CP-MAE,320,0.8109,0.6197,0.4214,0.6175,0.501,0.7004,0.9629,0.5407,0.9981,0.7014,0.6744,0.5083,0.6671,0.5043,0.6837
PSM,CP-MAE,320,0.7527,0.61,0.4136,0.6269,0.4984,0.6293,0.9364,0.5141,0.9402,0.6647,0.6606,0.5058,0.6527,0.501,0.6712
PSM,CP-MAE,320,0.7808,0.6103,0.4149,0.6355,0.502,0.6608,0.954,0.5223,0.9799,0.6814,0.6679,0.5415,0.6583,0.5321,0.6837
WADI,CP-MAE,320,0.6936,0.9537,0.6071,0.2493,0.3534,0.664,0.7259,0.7737,0.5513,0.6438,0.8824,0.3766,0.8694,0.3641,0.8071
WADI,CP-MAE,320,0.7168,0.9543,0.6288,0.2434,0.351,0.6771,0.7614,0.7932,0.5513,0.6505,0.9077,0.3931,0.8808,0.3739,0.8007
WADI,CP-MAE,320,0.7066,0.953,0.5954,0.2287,0.3305,0.6721,0.745,0.7801,0.5513,0.646,0.8963,0.3785,0.879,0.3664,0.8061
WADI,CP-MAE,320,0.736,0.9536,0.6074,0.2405,0.3445,0.6676,0.82,0.7801,0.5513,0.646,0.8885,0.3685,0.8654,0.3554,0.7833
WADI,CP-MAE,320,0.7066,0.953,0.5954,0.2287,0.3305,0.6721,0.745,0.7801,0.5513,0.646,0.8963,0.3785,0.879,0.3664,0.8061
LTDB,CP-MAE,320,0.7887,0.8172,0.2627,0.348,0.2994,0.6736,0.9513,0.5046,0.9948,0.6696,0.778,0.338,0.7683,0.3268,0.6724
LTDB,CP-MAE,320,0.7882,0.8178,0.2631,0.3459,0.2988,0.6733,0.9505,0.5066,0.9948,0.6714,0.7839,0.3461,0.7748,0.3331,0.6818
LTDB,CP-MAE,320,0.7814,0.804,0.2412,0.3474,0.2847,0.6628,0.9515,0.4765,0.9948,0.6443,0.7857,0.3359,0.7781,0.3249,0.6928
LTDB,CP-MAE,320,0.7873,0.8094,0.2587,0.374,0.3059,0.6702,0.9541,0.4814,0.9948,0.6489,0.8006,0.3615,0.7926,0.3492,0.7076
LTDB,CP-MAE,320,0.7921,0.8263,0.2737,0.3311,0.2996,0.6794,0.9495,0.5323,1.0,0.6948,0.7872,0.349,0.778,0.3369,0.6882
SMD,CP-MAE,400,0.836,0.8953,0.1094,0.4069,0.1724,0.7307,0.9767,0.2288,0.9832,0.3712,0.8217,0.2209,0.8185,0.2201,0.799
SMD,CP-MAE,400,0.8487,0.9006,0.1165,0.4117,0.1817,0.7526,0.9729,0.2386,0.978,0.3836,0.8238,0.2211,0.821,0.2204,0.8033
SMD,CP-MAE,400,0.8482,0.899,0.1156,0.4164,0.181,0.7516,0.9731,0.2349,0.978,0.3788,0.8246,0.2185,0.8217,0.2179,0.8045
SMD,CP-MAE,400,0.8473,0.8963,0.1158,0.432,0.1826,0.7453,0.9818,0.2317,0.995,0.3758,0.8344,0.2493,0.8319,0.2483,0.8174
SMD,CP-MAE,400,0.8123,0.8906,0.1092,0.4304,0.1742,0.6923,0.9825,0.221,0.9958,0.3617,0.8185,0.2434,0.8154,0.2426,0.7938
PSM,CP-MAE,400,0.7694,0.66,0.459,0.5836,0.5138,0.673,0.898,0.5695,0.91,0.7006,0.66,0.5021,0.653,0.4974,0.6671
PSM,CP-MAE,400,0.753,0.697,0.507,0.5756,0.5391,0.6958,0.8205,0.6191,0.91,0.7369,0.6728,0.5089,0.6658,0.5046,0.6748
PSM,CP-MAE,400,0.7542,0.6739,0.4756,0.5766,0.5212,0.692,0.8287,0.5879,0.9072,0.7135,0.6643,0.5008,0.6564,0.496,0.6726
PSM,CP-MAE,400,0.7703,0.6873,0.4932,0.5704,0.529,0.6974,0.8602,0.6083,0.91,0.7292,0.6699,0.5195,0.6626,0.5141,0.6749
PSM,CP-MAE,400,0.7621,0.6234,0.4211,0.5959,0.4935,0.6643,0.8937,0.5262,0.91,0.6669,0.6616,0.4913,0.6544,0.4866,0.6748
LTDB,CP-MAE,400,0.7934,0.8443,0.2958,0.2806,0.288,0.6843,0.9441,0.5996,1.0,0.7497,0.7474,0.3208,0.7385,0.3092,0.6467
LTDB,CP-MAE,400,0.7916,0.83,0.278,0.3221,0.2984,0.6785,0.9498,0.5445,1.0,0.705,0.7614,0.3297,0.7523,0.3184,0.6592
LTDB,CP-MAE,400,0.7917,0.8366,0.2928,0.3221,0.3068,0.6802,0.947,0.5624,1.0,0.7199,0.7867,0.3674,0.7753,0.352,0.6805
LTDB,CP-MAE,400,0.7878,0.8275,0.2772,0.3343,0.3031,0.6725,0.9508,0.5343,1.0,0.6965,0.7972,0.3652,0.7875,0.351,0.6981
LTDB,CP-MAE,400,0.789,0.8291,0.2751,0.3198,0.2957,0.6748,0.9496,0.5426,1.0,0.7035,0.7616,0.3322,0.7521,0.3203,0.6568
WADI,CP-MAE,400,0.6931,0.957,0.7766,0.2141,0.3356,0.7151,0.6725,0.8995,0.5513,0.6836,0.9063,0.4202,0.8883,0.413,0.791
WADI,CP-MAE,400,0.6417,0.9565,0.7634,0.2082,0.3272,0.6596,0.6247,0.8952,0.5513,0.6824,0.9148,0.4425,0.8957,0.4318,0.7895
WADI,CP-MAE,400,0.6699,0.9539,0.7067,0.1554,0.2548,0.6751,0.6647,0.8952,0.5513,0.6824,0.9007,0.4048,0.8834,0.4011,0.7823
WADI,CP-MAE,400,0.6584,0.9524,0.6265,0.1525,0.2453,0.6472,0.6699,0.8584,0.5513,0.6714,0.9018,0.3712,0.8846,0.3637,0.8021
WADI,CP-MAE,400,0.6067,0.9473,0.3143,0.0323,0.0585,0.6095,0.604,0.8629,0.4428,0.5853,0.9107,0.4149,0.8945,0.4046,0.7959
SWaT,CP-MAE,400,0.5869,0.9505,0.0267,0.0111,0.0157,0.5107,0.6899,0.287,0.1631,0.208,0.8747,0.1954,0.8606,0.1811,0.783
SWaT,CP-MAE,400,0.5823,0.9508,0.0206,0.0083,0.0118,0.504,0.6894,0.2928,0.1631,0.2095,0.8468,0.1552,0.8321,0.1436,0.7444
SWaT,CP-MAE,400,0.5814,0.9508,0.0231,0.0093,0.0133,0.5028,0.6891,0.2919,0.1631,0.2093,0.8649,0.183,0.8517,0.17,0.7747
SWaT,CP-MAE,400,0.5809,0.9501,0.0217,0.0092,0.0129,0.5019,0.6894,0.2825,0.1631,0.2068,0.859,0.1547,0.8465,0.1448,0.7757
SWaT,CP-MAE,400,0.5804,0.9507,0.0213,0.0086,0.0123,0.5012,0.6894,0.2908,0.1631,0.209,0.8558,0.1644,0.841,0.1534,0.7601
SMD,CP-MAE,480,0.8502,0.93,0.1508,0.3474,0.2103,0.7695,0.9497,0.3319,0.9715,0.4947,0.8238,0.1933,0.8191,0.1928,0.7948
SMD,CP-MAE,480,0.8509,0.9305,0.1532,0.3514,0.2134,0.7706,0.9499,0.3335,0.9715,0.4965,0.8246,0.197,0.8199,0.1965,0.7959
SMD,CP-MAE,480,0.8325,0.8685,0.1057,0.5225,0.1758,0.7192,0.9883,0.1824,0.9867,0.3079,0.8509,0.2386,0.8473,0.2377,0.8291
SMD,CP-MAE,480,0.8325,0.8685,0.1057,0.5225,0.1758,0.7192,0.9883,0.1824,0.9867,0.3079,0.8509,0.2386,0.8473,0.2377,0.8291
SMD,CP-MAE,480,0.8114,0.8399,0.0882,0.5318,0.1513,0.6847,0.9955,0.1537,0.9985,0.2664,0.8249,0.2212,0.8207,0.2204,0.7965
PSM,CP-MAE,480,0.7572,0.5902,0.3932,0.6408,0.4874,0.639,0.9289,0.4871,0.9389,0.6414,0.6608,0.5112,0.652,0.5047,0.6803
PSM,CP-MAE,480,0.7427,0.59,0.3972,0.6733,0.4996,0.6109,0.9471,0.4865,0.9679,0.6475,0.6665,0.5069,0.6588,0.5017,0.6896
PSM,CP-MAE,480,0.7474,0.5941,0.3971,0.6468,0.4921,0.6308,0.9168,0.4887,0.9389,0.6428,0.6728,0.4938,0.6642,0.4887,0.6829
PSM,CP-MAE,480,0.7541,0.5806,0.3874,0.6531,0.4863,0.6372,0.9234,0.4762,0.9389,0.6319,0.6621,0.5311,0.6542,0.5243,0.6884
PSM,CP-MAE,480,0.7872,0.5983,0.3984,0.6299,0.4881,0.6712,0.9517,0.5021,0.9594,0.6592,0.6513,0.4556,0.6437,0.4524,0.6623
SWaT,CP-MAE,480,0.5822,0.9511,0.0236,0.0093,0.0134,0.5039,0.6891,0.2964,0.1631,0.2104,0.8879,0.2061,0.8797,0.1939,0.8165
SWaT,CP-MAE,480,0.5813,0.9506,0.0227,0.0093,0.0132,0.5025,0.6894,0.2883,0.1631,0.2083,0.884,0.1868,0.8806,0.1796,0.854
SWaT,CP-MAE,480,0.5833,0.9523,0.0238,0.0086,0.0127,0.5057,0.689,0.3154,0.1631,0.215,0.8837,0.2021,0.8717,0.1884,0.7955
SWaT,CP-MAE,480,0.5811,0.9514,0.0231,0.009,0.0129,0.5023,0.6893,0.3004,0.1631,0.2114,0.9051,0.2143,0.897,0.2019,0.8431
SWaT,CP-MAE,480,0.5878,0.9504,0.0221,0.0092,0.013,0.5119,0.6899,0.2865,0.1631,0.2078,0.8986,0.2005,0.8872,0.1866,0.8263
LTDB,CP-MAE,480,0.7558,0.7554,0.2067,0.4149,0.276,0.6244,0.9571,0.3846,0.9948,0.5547,0.7931,0.3355,0.7815,0.3226,0.684
LTDB,CP-MAE,480,0.776,0.7941,0.2463,0.4041,0.306,0.6536,0.9549,0.4471,1.0,0.6179,0.8044,0.3563,0.7949,0.343,0.712
LTDB,CP-MAE,480,0.7558,0.7554,0.2067,0.4149,0.276,0.6244,0.9571,0.3846,0.9948,0.5547,0.7931,0.3355,0.7815,0.3226,0.684
LTDB,CP-MAE,480,0.7689,0.7742,0.2207,0.3988,0.2842,0.6439,0.9543,0.4153,1.0,0.5868,0.7934,0.341,0.7847,0.3284,0.7019
LTDB,CP-MAE,480,0.7541,0.7273,0.1918,0.4442,0.268,0.6213,0.959,0.3483,1.0,0.5166,0.7865,0.3329,0.7769,0.3207,0.6887
WADI,CP-MAE,480,0.7484,0.9542,0.6204,0.2493,0.3556,0.664,0.8575,0.7833,0.5513,0.6472,0.9197,0.4259,0.8958,0.4104,0.8141
WADI,CP-MAE,480,0.7315,0.9546,0.6475,0.2317,0.3413,0.7067,0.758,0.8139,0.5513,0.6573,0.8983,0.3701,0.879,0.3571,0.8099
WADI,CP-MAE,480,0.7395,0.9546,0.6286,0.2581,0.3659,0.6714,0.8229,0.7833,0.5513,0.6472,0.8939,0.4037,0.8715,0.3891,0.7857
WADI,CP-MAE,480,0.7057,0.9533,0.6015,0.2346,0.3376,0.6205,0.8181,0.7801,0.5513,0.646,0.903,0.376,0.8827,0.3615,0.8021
WADI,CP-MAE,480,0.7196,0.9534,0.6045,0.2375,0.3411,0.6213,0.8549,0.7801,0.5513,0.646,0.8989,0.3682,0.8791,0.3593,0.7939
SMD,CP-MAE,128,0.8281,0.9724,0.4596,0.1631,0.2408,0.8313,0.8249,0.8263,0.912,0.867,0.7994,0.1927,0.7962,0.1921,0.7757
SWaT,CP-MAE,128,0.669,0.9404,0.1601,0.1603,0.1602,0.5577,0.8358,0.4922,0.8151,0.6137,0.8648,0.1895,0.8495,0.1774,0.7762
