data_name,algo,d_model,affiliation_f,accuracy,precision,recall,f_score,affiliation_precision,affiliation_recall,adjust_precision,adjust_recall,adjust_f_score,R_AUC_ROC,R_AUC_PR,VUS_ROC,VUS_PR,auc_roc
PSM,CP-MAE,512,0.7638,0.6378,0.4403,0.6339,0.5197,0.6548,0.9165,0.5385,0.9402,0.6848,0.6735,0.5257,0.6659,0.5208,0.6853
PSM,CP-MAE,512,0.7935,0.6199,0.4211,0.613,0.4993,0.6937,0.9269,0.5372,0.978,0.6935,0.667,0.4928,0.66,0.4898,0.6771
PSM,CP-MAE,512,0.7505,0.6078,0.4116,0.6258,0.4965,0.6292,0.9296,0.5124,0.9402,0.6633,0.6579,0.5022,0.6495,0.4973,0.6684
PSM,CP-MAE,512,0.7867,0.6163,0.4191,0.6251,0.5018,0.6792,0.9346,0.5302,0.978,0.6877,0.6708,0.5475,0.663,0.54,0.6858
PSM,CP-MAE,512,0.7677,0.6307,0.432,0.6181,0.5085,0.6662,0.9057,0.5363,0.9402,0.683,0.6525,0.4964,0.6446,0.4915,0.6667
WADI,CP-MAE,512,0.7288,0.9527,0.5827,0.2375,0.3375,0.6562,0.8195,0.7642,0.5513,0.6405,0.8815,0.3487,0.8644,0.3385,0.7943
WADI,CP-MAE,512,0.7112,0.9552,0.6587,0.2434,0.3555,0.698,0.725,0.8139,0.5513,0.6573,0.8992,0.3776,0.8787,0.3639,0.7992
WADI,CP-MAE,512,0.693,0.9528,0.5882,0.2346,0.3354,0.6648,0.7236,0.7705,0.5513,0.6427,0.8995,0.4038,0.8724,0.3845,0.7853
WADI,CP-MAE,512,0.6873,0.953,0.594,0.2317,0.3333,0.6548,0.7232,0.7769,0.5513,0.6449,0.8956,0.3675,0.8738,0.3531,0.7862
WADI,CP-MAE,512,0.728,0.9539,0.6165,0.2405,0.346,0.6542,0.8206,0.7866,0.5513,0.6483,0.8954,0.3858,0.8772,0.3728,0.8003
SWaT,CP-MAE,512,0.6525,0.9389,0.0785,0.067,0.0723,0.5589,0.7836,0.4924,0.7627,0.5984,0.8674,0.1919,0.8525,0.1776,0.7766
SWaT,CP-MAE,512,0.632,0.94,0.0608,0.0476,0.0534,0.539,0.7638,0.5091,0.7627,0.6106,0.8861,0.1953,0.8719,0.1809,0.8
SMD,CP-MAE,512,0.8735,0.9699,0.3901,0.2176,0.2794,0.8627,0.8846,0.7382,0.9595,0.8345,0.8378,0.2277,0.8347,0.2267,0.8174
SMD,CP-MAE,512,0.8746,0.9726,0.4745,0.2106,0.2917,0.8652,0.8842,0.8042,0.9578,0.8743,0.8477,0.248,0.8446,0.2468,0.8296
SMD,CP-MAE,512,0.851,0.9711,0.4042,0.1649,0.2343,0.839,0.8633,0.7968,0.9533,0.8681,0.8169,0.2004,0.8137,0.1999,0.7966
SMD,CP-MAE,512,0.8668,0.971,0.4129,0.1939,0.2639,0.8412,0.8939,0.7768,0.9595,0.8585,0.8334,0.2208,0.8303,0.2202,0.8155
SWaT,CP-MAE,512,0.6642,0.9433,0.2104,0.2161,0.2133,0.5843,0.7695,0.4847,0.7627,0.5927,0.8988,0.2455,0.8849,0.2282,0.8201
SWaT,CP-MAE,512,0.6521,0.9356,0.068,0.064,0.0659,0.5586,0.7831,0.4651,0.7627,0.5778,0.8771,0.1955,0.8605,0.1795,0.7742
SMD,CP-MAE,512,0.8708,0.9742,0.5464,0.2254,0.3192,0.8569,0.8852,0.8368,0.9595,0.894,0.8449,0.2733,0.8418,0.2722,0.8232
SWaT,CP-MAE,512,0.6582,0.9363,0.0672,0.0615,0.0643,0.5671,0.7842,0.4719,0.7627,0.583,0.8777,0.1947,0.8631,0.1804,0.789
LTDB,CP-MAE,512,0.7705,0.813,0.2256,0.2736,0.2473,0.6483,0.9496,0.5149,0.9967,0.679,0.7483,0.294,0.7379,0.285,0.6276
LTDB,CP-MAE,512,0.7771,0.8195,0.2376,0.2749,0.2549,0.6585,0.9478,0.5313,1.0,0.6939,0.7608,0.3024,0.7514,0.2938,0.6468
LTDB,CP-MAE,512,0.7815,0.8132,0.2568,0.3506,0.2965,0.6626,0.9525,0.4964,1.0,0.6634,0.8102,0.3528,0.803,0.3405,0.7246
LTDB,CP-MAE,512,0.7801,0.82,0.2448,0.2894,0.2652,0.663,0.9473,0.527,0.9948,0.689,0.7776,0.3234,0.7691,0.3124,0.678
LTDB,CP-MAE,512,0.7687,0.7864,0.2125,0.3336,0.2597,0.6451,0.9509,0.4459,0.9948,0.6158,0.7736,0.3125,0.7638,0.3017,0.667
SMD,CP-MAE,256,0.8271,0.8842,0.11,0.4683,0.1781,0.7157,0.9796,0.206,0.9832,0.3406,0.8509,0.2303,0.8479,0.2294,0.8312
SMD,CP-MAE,256,0.8303,0.878,0.1015,0.4528,0.1659,0.7177,0.9848,0.1991,0.9958,0.3318,0.8297,0.2226,0.8267,0.2219,0.8052
SMD,CP-MAE,256,0.8077,0.8471,0.0812,0.4565,0.1379,0.6861,0.9816,0.1601,0.9843,0.2754,0.8049,0.2065,0.8021,0.2064,0.7811
SMD,CP-MAE,256,0.8375,0.843,0.0803,0.4652,0.137,0.7226,0.9959,0.158,0.9993,0.2728,0.8311,0.2398,0.8281,0.239,0.8058
SMD,CP-MAE,256,0.8041,0.8387,0.0784,0.4667,0.1342,0.6752,0.9937,0.1524,0.9867,0.264,0.8242,0.2258,0.8215,0.2247,0.801
PSM,CP-MAE,256,0.8044,0.6276,0.4287,0.6158,0.5055,0.7074,0.9322,0.5437,0.9781,0.6989,0.6792,0.5257,0.6726,0.5208,0.6856
PSM,CP-MAE,256,0.7487,0.603,0.4099,0.6464,0.5017,0.621,0.9426,0.5124,0.9781,0.6725,0.6753,0.5444,0.6657,0.5364,0.6902
PSM,CP-MAE,256,0.7499,0.6238,0.4347,0.7226,0.5428,0.6094,0.9747,0.515,0.9981,0.6795,0.6944,0.5336,0.6858,0.527,0.7233
PSM,CP-MAE,256,0.7935,0.6218,0.4232,0.6164,0.5019,0.6938,0.9266,0.5379,0.978,0.6941,0.6523,0.4823,0.6433,0.4779,0.6656
PSM,CP-MAE,256,0.7564,0.5928,0.4106,0.729,0.5253,0.6191,0.9717,0.4882,0.9981,0.6557,0.6651,0.4633,0.6556,0.4612,0.6836
WADI,CP-MAE,256,0.6519,0.9516,0.6111,0.129,0.2131,0.6465,0.6575,0.8436,0.4428,0.5808,0.8952,0.3882,0.875,0.3721,0.7983
WADI,CP-MAE,256,0.6604,0.947,0.2222,0.0176,0.0326,0.6877,0.6352,0.8779,0.4428,0.5887,0.9132,0.412,0.8861,0.3929,0.8018
WADI,CP-MAE,256,0.6511,0.957,0.7955,0.2053,0.3263,0.7238,0.5917,0.9126,0.5513,0.6874,0.8959,0.3879,0.8698,0.3715,0.7859
WADI,CP-MAE,256,0.7132,0.9558,0.72,0.2111,0.3265,0.7193,0.7073,0.8704,0.5513,0.675,0.9105,0.4293,0.8866,0.4093,0.813
WADI,CP-MAE,256,0.7208,0.9537,0.6744,0.1701,0.2717,0.7345,0.7075,0.8704,0.5513,0.675,0.9301,0.5005,0.9059,0.4683,0.8274
LTDB,CP-MAE,256,0.784,0.8125,0.2569,0.3543,0.2978,0.667,0.9507,0.4926,0.9948,0.6589,0.7861,0.3497,0.7759,0.3367,0.6825
LTDB,CP-MAE,256,0.7894,0.8222,0.2701,0.3429,0.3022,0.6751,0.9504,0.519,1.0,0.6833,0.7951,0.3584,0.7861,0.3444,0.699
LTDB,CP-MAE,256,0.7877,0.8212,0.2641,0.3318,0.2941,0.6729,0.9498,0.5183,0.9948,0.6815,0.7895,0.3421,0.7798,0.3296,0.6913
LTDB,CP-MAE,256,0.7895,0.8222,0.2698,0.3424,0.3018,0.6748,0.9513,0.5178,0.9948,0.6811,0.7938,0.355,0.7858,0.3424,0.7024
LTDB,CP-MAE,256,0.7918,0.8287,0.2766,0.3258,0.2992,0.6792,0.9491,0.54,1.0,0.7013,0.7874,0.3461,0.7784,0.3336,0.6909
SWaT,CP-MAE,256,0.6797,0.9469,0.1247,0.0823,0.0992,0.5953,0.7921,0.4219,0.4219,0.4219,0.8924,0.2217,0.8807,0.2071,0.8225
SWaT,CP-MAE,256,0.6848,0.951,0.1546,0.0852,0.1098,0.606,0.7872,0.6364,0.8151,0.7147,0.8988,0.2649,0.8901,0.2466,0.8421
SWaT,CP-MAE,256,0.7049,0.948,0.1248,0.077,0.0953,0.63,0.8001,0.5711,0.7199,0.6369,0.912,0.2509,0.9029,0.235,0.8544
SWaT,CP-MAE,256,0.6622,0.9558,0.2241,0.0989,0.1372,0.5986,0.741,0.6761,0.7146,0.6948,0.9039,0.2794,0.8901,0.2589,0.8222
SWaT,CP-MAE,256,0.669,0.9467,0.1502,0.1077,0.1255,0.544,0.8686,0.5713,0.8122,0.6708,0.8907,0.2493,0.8779,0.231,0.8144
PSM,CP-MAE,128,0.7979,0.6515,0.4539,0.628,0.527,0.7075,0.9148,0.5642,0.978,0.7156,0.675,0.5082,0.6666,0.5036,0.6756
PSM,CP-MAE,128,0.7389,0.5813,0.3925,0.6476,0.4888,0.6026,0.9549,0.4939,0.9781,0.6563,0.6516,0.4834,0.6416,0.4787,0.6631
PSM,CP-MAE,128,0.7742,0.6213,0.4236,0.6236,0.5045,0.6626,0.9309,0.5278,0.9485,0.6782,0.6705,0.5026,0.6619,0.4983,0.6776
SMD,CP-MAE,128,0.7995,0.8151,0.0716,0.4928,0.125,0.6674,0.9968,0.1351,0.9993,0.2381,0.8313,0.2392,0.8283,0.2384,0.8101
WADI,CP-MAE,128,0.5723,0.9504,0.5769,0.088,0.1527,0.6325,0.5225,0.8728,0.4428,0.5875,0.8969,0.3731,0.8816,0.3661,0.8059
WADI,CP-MAE,128,0.6682,0.9484,0.425,0.0499,0.0892,0.6807,0.6561,0.8678,0.4428,0.5864,0.8964,0.3724,0.8813,0.3611,0.8037
WADI,CP-MAE,128,0.5626,0.9454,0.0357,0.0029,0.0054,0.6027,0.5275,0.7523,0.2405,0.3644,0.9077,0.4146,0.8891,0.3983,0.8021
WADI,CP-MAE,128,0.7171,0.9528,0.65,0.1525,0.247,0.7291,0.7055,0.8704,0.5513,0.675,0.8889,0.3867,0.8723,0.373,0.7987
WADI,CP-MAE,128,0.6573,0.9513,0.5897,0.1349,0.2196,0.6557,0.659,0.8251,0.4428,0.5763,0.8768,0.339,0.8599,0.3314,0.7825
SWaT,CP-MAE,128,0.5833,0.9513,0.0317,0.0125,0.0179,0.501,0.6979,0.4131,0.269,0.3259,0.8773,0.1886,0.8649,0.1748,0.7972
SMD,CP-MAE,128,0.8435,0.9222,0.159,0.4435,0.2341,0.742,0.9773,0.298,0.9958,0.4587,0.8498,0.2578,0.8463,0.2567,0.8254
SMD,CP-MAE,128,0.8391,0.8613,0.0889,0.4515,0.1486,0.7268,0.9924,0.1758,0.9867,0.2984,0.8288,0.2389,0.8258,0.2381,0.8088
SWaT,CP-MAE,128,0.586,0.9519,0.0256,0.0095,0.0139,0.5095,0.6896,0.3103,0.1631,0.2138,0.8883,0.2069,0.879,0.1943,0.8216
SMD,CP-MAE,128,0.8198,0.8459,0.0875,0.504,0.1491,0.6964,0.9962,0.1598,0.9993,0.2755,0.8507,0.2518,0.8474,0.2508,0.8286
SWaT,CP-MAE,128,0.5779,0.9517,0.0233,0.0088,0.0128,0.4978,0.6888,0.3064,0.1631,0.2129,0.8984,0.2154,0.8901,0.2024,0.8388
PSM,CP-MAE,128,0.784,0.6159,0.4177,0.6158,0.4977,0.6712,0.9422,0.5325,0.978,0.6896,0.6554,0.4757,0.6478,0.4729,0.6673
PSM,CP-MAE,128,0.7773,0.6261,0.4284,0.6276,0.5092,0.6809,0.9056,0.5388,0.978,0.6948,0.6623,0.5165,0.6544,0.5104,0.6823
LTDB,CP-MAE,128,0.7751,0.7929,0.2411,0.3934,0.299,0.6522,0.9552,0.4468,1.0,0.6176,0.8014,0.3483,0.7953,0.337,0.7213
LTDB,CP-MAE,128,0.787,0.8134,0.2579,0.3525,0.2979,0.6707,0.9521,0.4964,1.0,0.6635,0.7873,0.3476,0.7788,0.3351,0.69
LTDB,CP-MAE,128,0.7908,0.8278,0.2764,0.3299,0.3008,0.6773,0.95,0.5353,0.9948,0.696,0.7885,0.3507,0.7794,0.3379,0.6915
LTDB,CP-MAE,128,0.787,0.817,0.2624,0.3478,0.2992,0.6713,0.9507,0.5044,0.9948,0.6694,0.7868,0.3464,0.7761,0.3333,0.679
LTDB,CP-MAE,128,0.7773,0.8021,0.2424,0.3591,0.2895,0.6567,0.9521,0.47,0.9948,0.6383,0.7889,0.3485,0.7785,0.3352,0.6829
SWaT,CP-MAE,128,0.5868,0.9525,0.0313,0.0113,0.0166,0.5086,0.6936,0.5692,0.461,0.5094,0.8721,0.1788,0.8584,0.1672,0.7923
SMD,CP-MAE,128,0.8128,0.8897,0.1134,0.4568,0.1817,0.6957,0.9772,0.2173,0.9922,0.3566,0.8397,0.2572,0.8363,0.2564,0.8171
SWaT,CP-MAE,128,0.5777,0.9505,0.0239,0.0099,0.014,0.4965,0.6906,0.3901,0.2583,0.3108,0.882,0.1957,0.8721,0.1838,0.8164
SMD,CP-MAE,64,0.8706,0.9734,0.5096,0.2168,0.3041,0.8707,0.8705,0.8206,0.9543,0.8825,0.8426,0.2569,0.8393,0.2555,0.8219
SMD,CP-MAE,64,0.8693,0.9717,0.4347,0.1864,0.261,0.8478,0.892,0.7975,0.9548,0.8691,0.8235,0.2206,0.8204,0.2199,0.8003
SMD,CP-MAE,64,0.8583,0.9722,0.4625,0.2201,0.2983,0.8458,0.8711,0.7887,0.9543,0.8636,0.8358,0.2465,0.8318,0.2453,0.81
SMD,CP-MAE,64,0.866,0.9699,0.3837,0.2061,0.2682,0.8612,0.8709,0.7424,0.9543,0.8352,0.8315,0.213,0.828,0.212,0.8103
SMD,CP-MAE,64,0.8747,0.97,0.3987,0.2378,0.2979,0.8524,0.8982,0.7287,0.963,0.8296,0.8471,0.2402,0.844,0.2392,0.8278
SWaT,CP-MAE,64,0.5987,0.9521,0.0787,0.0326,0.0461,0.5256,0.6954,0.5471,0.461,0.5004,0.8842,0.2238,0.8737,0.2106,0.8181
SWaT,CP-MAE,64,0.5794,0.9517,0.0216,0.0081,0.0118,0.4999,0.689,0.3074,0.1631,0.2131,0.8737,0.1868,0.8604,0.1735,0.7875
SWaT,CP-MAE,64,0.5812,0.9517,0.0234,0.0088,0.0128,0.5025,0.6891,0.3074,0.1631,0.2131,0.8721,0.1978,0.8579,0.1835,0.7856
SWaT,CP-MAE,64,0.6729,0.9387,0.169,0.1851,0.1767,0.5993,0.7671,0.4558,0.7627,0.5706,0.8697,0.2054,0.8592,0.191,0.7927
SWaT,CP-MAE,64,0.6621,0.9366,0.0876,0.0832,0.0853,0.5726,0.7847,0.468,0.7627,0.58,0.8725,0.1861,0.8597,0.1733,0.7973
PSM,CP-MAE,64,0.7635,0.6335,0.4352,0.6236,0.5126,0.658,0.9092,0.5374,0.9402,0.6839,0.6705,0.5449,0.6624,0.5384,0.6861
PSM,CP-MAE,64,0.7901,0.6289,0.4308,0.6244,0.5098,0.6936,0.9179,0.5429,0.9799,0.6987,0.6766,0.5284,0.6692,0.5225,0.6863
PSM,CP-MAE,64,0.8109,0.6197,0.4214,0.6175,0.501,0.7004,0.9629,0.5407,0.9981,0.7014,0.6744,0.5083,0.6671,0.5043,0.6837
PSM,CP-MAE,64,0.7527,0.61,0.4136,0.6269,0.4984,0.6293,0.9364,0.5141,0.9402,0.6647,0.6606,0.5058,0.6527,0.501,0.6712
PSM,CP-MAE,64,0.7808,0.6103,0.4149,0.6355,0.502,0.6608,0.954,0.5223,0.9799,0.6814,0.6679,0.5415,0.6583,0.5321,0.6837
WADI,CP-MAE,64,0.6936,0.9537,0.6071,0.2493,0.3534,0.664,0.7259,0.7737,0.5513,0.6438,0.8824,0.3766,0.8694,0.3641,0.8071
WADI,CP-MAE,64,0.7168,0.9543,0.6288,0.2434,0.351,0.6771,0.7614,0.7932,0.5513,0.6505,0.9077,0.3931,0.8808,0.3739,0.8007
WADI,CP-MAE,64,0.7066,0.953,0.5954,0.2287,0.3305,0.6721,0.745,0.7801,0.5513,0.646,0.8963,0.3785,0.879,0.3664,0.8061
WADI,CP-MAE,64,0.736,0.9536,0.6074,0.2405,0.3445,0.6676,0.82,0.7801,0.5513,0.646,0.8885,0.3685,0.8654,0.3554,0.7833
WADI,CP-MAE,64,0.7066,0.953,0.5954,0.2287,0.3305,0.6721,0.745,0.7801,0.5513,0.646,0.8963,0.3785,0.879,0.3664,0.8061
LTDB,CP-MAE,64,0.7887,0.8172,0.2627,0.348,0.2994,0.6736,0.9513,0.5046,0.9948,0.6696,0.778,0.338,0.7683,0.3268,0.6724
LTDB,CP-MAE,64,0.7882,0.8178,0.2631,0.3459,0.2988,0.6733,0.9505,0.5066,0.9948,0.6714,0.7839,0.3461,0.7748,0.3331,0.6818
LTDB,CP-MAE,64,0.7814,0.804,0.2412,0.3474,0.2847,0.6628,0.9515,0.4765,0.9948,0.6443,0.7857,0.3359,0.7781,0.3249,0.6928
LTDB,CP-MAE,64,0.7873,0.8094,0.2587,0.374,0.3059,0.6702,0.9541,0.4814,0.9948,0.6489,0.8006,0.3615,0.7926,0.3492,0.7076
LTDB,CP-MAE,64,0.7921,0.8263,0.2737,0.3311,0.2996,0.6794,0.9495,0.5323,1.0,0.6948,0.7872,0.349,0.778,0.3369,0.6882
SMD,CP-MAE,32,0.8618,0.9478,0.2145,0.3559,0.2677,0.7962,0.9393,0.4271,0.9715,0.5933,0.822,0.2199,0.8182,0.2193,0.8039
SMD,CP-MAE,32,0.8453,0.9344,0.1656,0.3584,0.2265,0.7673,0.941,0.3497,0.9715,0.5143,0.8177,0.2085,0.8145,0.208,0.8009
SMD,CP-MAE,32,0.8482,0.9457,0.2055,0.358,0.2611,0.772,0.9411,0.4124,0.9715,0.579,0.833,0.235,0.8299,0.2344,0.8174
SMD,CP-MAE,32,0.8549,0.9528,0.2328,0.3309,0.2733,0.7905,0.9307,0.4711,0.9715,0.6345,0.824,0.2267,0.8208,0.226,0.8068
PSM,CP-MAE,32,0.7615,0.6076,0.4136,0.6448,0.5039,0.6381,0.9439,0.5147,0.9697,0.6725,0.672,0.5398,0.6634,0.5327,0.6857
PSM,CP-MAE,32,0.7918,0.6177,0.4188,0.611,0.497,0.691,0.9269,0.5356,0.978,0.6922,0.6705,0.5098,0.6637,0.5057,0.6813
PSM,CP-MAE,32,0.7435,0.6413,0.4421,0.6132,0.5138,0.6306,0.9058,0.5478,0.9373,0.6915,0.6631,0.5093,0.6547,0.5043,0.6732
PSM,CP-MAE,32,0.7822,0.6096,0.4133,0.6267,0.4981,0.6654,0.9488,0.5241,0.9799,0.6829,0.6697,0.5395,0.6609,0.5311,0.6843
PSM,CP-MAE,32,0.7791,0.6281,0.4307,0.6323,0.5124,0.6664,0.9376,0.5316,0.9485,0.6814,0.6646,0.5249,0.6563,0.5183,0.6769
SMD,CP-MAE,32,0.8613,0.9414,0.1723,0.3124,0.2221,0.7902,0.9466,0.3929,0.9715,0.5595,0.8126,0.1982,0.8093,0.1978,0.7926
WADI,CP-MAE,32,0.6686,0.951,0.6071,0.0997,0.1713,0.6805,0.6571,0.8728,0.4428,0.5875,0.8797,0.3647,0.8655,0.356,0.7935
WADI,CP-MAE,32,0.6983,0.9554,0.6667,0.2405,0.3534,0.6736,0.7249,0.821,0.5513,0.6596,0.9078,0.3963,0.8862,0.3808,0.8109
WADI,CP-MAE,32,0.5711,0.9527,0.6885,0.1232,0.209,0.6191,0.5301,0.8882,0.4428,0.591,0.9151,0.4421,0.8956,0.4238,0.8261
WADI,CP-MAE,32,0.6484,0.9522,0.6351,0.1378,0.2265,0.6496,0.6472,0.8483,0.4428,0.5819,0.8836,0.3428,0.8623,0.332,0.7719
WADI,CP-MAE,32,0.6051,0.9533,0.6753,0.1525,0.2488,0.6419,0.5724,0.8826,0.5513,0.6787,0.8722,0.3532,0.8529,0.345,0.7682
SWaT,CP-MAE,32,0.576,0.9516,0.0191,0.0072,0.0105,0.4949,0.689,0.3053,0.1631,0.2126,0.865,0.1767,0.8518,0.1651,0.7803
SWaT,CP-MAE,32,0.5821,0.9513,0.0236,0.0092,0.0132,0.504,0.6889,0.3002,0.1631,0.2114,0.8766,0.1911,0.8631,0.1774,0.7813
SWaT,CP-MAE,32,0.5827,0.9509,0.0228,0.0092,0.0131,0.5049,0.6889,0.2937,0.1631,0.2097,0.8609,0.1681,0.8452,0.1557,0.7622
SWaT,CP-MAE,32,0.5819,0.9512,0.023,0.009,0.0129,0.5036,0.6889,0.2992,0.1631,0.2111,0.8564,0.1777,0.8411,0.1643,0.7598
SWaT,CP-MAE,32,0.5816,0.9516,0.0236,0.009,0.013,0.5033,0.6888,0.3049,0.1631,0.2125,0.8791,0.1865,0.8654,0.1727,0.7892
LTDB,CP-MAE,32,0.7863,0.8189,0.2639,0.3427,0.2982,0.6711,0.9492,0.51,0.9948,0.6743,0.7794,0.3502,0.7697,0.3367,0.6764
LTDB,CP-MAE,32,0.7852,0.8126,0.2595,0.3611,0.302,0.668,0.9522,0.4912,0.9948,0.6577,0.792,0.3524,0.7833,0.3411,0.6934
LTDB,CP-MAE,32,0.7905,0.8315,0.2756,0.3075,0.2907,0.6781,0.9476,0.5517,0.9948,0.7098,0.7643,0.3266,0.7542,0.3152,0.6569
LTDB,CP-MAE,32,0.7895,0.8184,0.2646,0.347,0.3003,0.6748,0.9512,0.5091,1.0,0.6747,0.7752,0.3389,0.7639,0.3269,0.6624
LTDB,CP-MAE,32,0.7849,0.8098,0.2554,0.3622,0.2995,0.6679,0.9515,0.485,0.9948,0.6521,0.7868,0.3484,0.7773,0.3364,0.6856
PSM,CP-MAE,16,0.7843,0.6076,0.408,0.5977,0.4849,0.6787,0.9287,0.5279,0.9697,0.6836,0.6248,0.4432,0.6182,0.4415,0.6396
PSM,CP-MAE,16,0.7892,0.6068,0.4087,0.6086,0.489,0.6838,0.933,0.5185,0.9483,0.6704,0.66,0.5106,0.6536,0.5055,0.6744
PSM,CP-MAE,16,0.727,0.5737,0.3882,0.658,0.4883,0.5993,0.9239,0.4752,0.9391,0.6311,0.6285,0.4595,0.6207,0.4565,0.651
PSM,CP-MAE,16,0.7966,0.6203,0.4202,0.601,0.4946,0.7034,0.9182,0.5313,0.9401,0.6789,0.6525,0.4675,0.6464,0.4656,0.664
PSM,CP-MAE,16,0.7687,0.5961,0.401,0.6212,0.4874,0.6494,0.9417,0.5131,0.978,0.6731,0.6467,0.4763,0.6404,0.4739,0.6635
WADI,CP-MAE,16,0.7023,0.954,0.6429,0.2111,0.3179,0.6863,0.719,0.8246,0.5513,0.6608,0.8806,0.3508,0.8594,0.341,0.7738
WADI,CP-MAE,16,0.5944,0.9531,0.697,0.1349,0.226,0.6594,0.541,0.883,0.4428,0.5898,0.86,0.3115,0.8385,0.3052,0.7537
WADI,CP-MAE,16,0.6977,0.9516,0.5976,0.1437,0.2317,0.6883,0.7073,0.8507,0.5513,0.669,0.8744,0.3245,0.861,0.321,0.7863
WADI,CP-MAE,16,0.6987,0.9507,0.5806,0.1056,0.1787,0.6994,0.6979,0.8785,0.5513,0.6775,0.8938,0.3544,0.8793,0.3476,0.8056
WADI,CP-MAE,16,0.7096,0.9522,0.6389,0.1349,0.2228,0.707,0.7122,0.8785,0.5513,0.6775,0.8785,0.3573,0.8596,0.3474,0.7757
LTDB,CP-MAE,16,0.785,0.8147,0.2554,0.3398,0.2917,0.6687,0.9504,0.5024,1.0,0.6688,0.7783,0.3413,0.7684,0.3288,0.6714
LTDB,CP-MAE,16,0.7891,0.8151,0.2577,0.3441,0.2947,0.6745,0.9506,0.5022,1.0,0.6686,0.7729,0.3284,0.7637,0.3174,0.6698
LTDB,CP-MAE,16,0.7766,0.7992,0.2416,0.3688,0.2919,0.6546,0.9543,0.4634,1.0,0.6334,0.794,0.3447,0.7851,0.3326,0.6956
LTDB,CP-MAE,16,0.7831,0.8132,0.2489,0.3291,0.2835,0.6663,0.9495,0.5017,1.0,0.6682,0.758,0.3177,0.7478,0.3066,0.6476
LTDB,CP-MAE,16,0.7788,0.7962,0.2372,0.3681,0.2885,0.6583,0.9532,0.4579,1.0,0.6282,0.7658,0.3218,0.7551,0.3115,0.6518
SMD,CP-MAE,16,0.8614,0.9422,0.1666,0.2892,0.2114,0.796,0.9386,0.4017,0.9715,0.5684,0.8104,0.1884,0.8072,0.1878,0.7901
SMD,CP-MAE,16,0.8618,0.9452,0.1935,0.3304,0.2441,0.7889,0.9495,0.4137,0.9715,0.5803,0.8185,0.2163,0.8153,0.2156,0.7988
SMD,CP-MAE,16,0.8652,0.9476,0.2,0.3181,0.2456,0.795,0.9489,0.433,0.9715,0.599,0.8172,0.2138,0.814,0.2132,0.7975
SMD,CP-MAE,16,0.8616,0.9484,0.194,0.2932,0.2335,0.7961,0.9388,0.4437,0.9715,0.6092,0.8305,0.213,0.8273,0.2125,0.8108
SMD,CP-MAE,16,0.862,0.9382,0.1582,0.3022,0.2077,0.7915,0.9464,0.3766,0.9715,0.5428,0.8093,0.189,0.8058,0.1885,0.7857
SWaT,CP-MAE,16,0.5819,0.9513,0.024,0.0093,0.0135,0.5036,0.6889,0.3007,0.1631,0.2115,0.8494,0.1569,0.8305,0.1443,0.7323
SWaT,CP-MAE,16,0.5826,0.951,0.0234,0.0093,0.0134,0.5047,0.6889,0.2948,0.1631,0.21,0.8528,0.1694,0.8327,0.1561,0.7346
SWaT,CP-MAE,16,0.583,0.9509,0.0238,0.0095,0.0136,0.5053,0.6889,0.2946,0.1631,0.2099,0.8509,0.1642,0.8308,0.1517,0.7272
SWaT,CP-MAE,16,0.5842,0.9511,0.0241,0.0095,0.0137,0.5071,0.689,0.2973,0.1631,0.2106,0.8421,0.153,0.8225,0.1405,0.7199
SWaT,CP-MAE,16,0.5824,0.9518,0.0248,0.0093,0.0136,0.5045,0.6889,0.3074,0.1631,0.2131,0.8412,0.1559,0.8231,0.143,0.7269
