data_name,algo,mt,affiliation_f,accuracy,precision,recall,f_score,affiliation_precision,affiliation_recall,adjust_precision,adjust_recall,adjust_f_score,R_AUC_ROC,R_AUC_PR,VUS_ROC,VUS_PR,auc_roc
WADI,CP-MAE,0.3,0.4956,0.9528,0.7857,0.0968,0.1723,0.5779,0.4338,0.9438,0.4428,0.6028,0.8808,0.3804,0.8614,0.3659,0.7891
WADI,CP-MAE,0.1,0.574,0.9537,0.7273,0.1408,0.2359,0.6233,0.532,0.8935,0.4428,0.5922,0.8747,0.3934,0.858,0.38,0.7916
WADI,CP-MAE,0.5,0.6054,0.9537,0.7143,0.1466,0.2433,0.6368,0.577,0.9038,0.5513,0.6849,0.8754,0.3671,0.8589,0.3594,0.7907
WADI,CP-MAE,0.9,0.7123,0.9521,0.6234,0.1408,0.2297,0.72,0.7048,0.8664,0.5513,0.6738,0.8888,0.3594,0.8675,0.3471,0.7893
WADI,CP-MAE,0.3,0.6362,0.9524,0.6721,0.1202,0.204,0.7063,0.5787,0.9038,0.5513,0.6849,0.88,0.3554,0.8631,0.347,0.7895
WADI,CP-MAE,0.1,0.6293,0.9509,0.6078,0.0909,0.1582,0.6974,0.5734,0.9038,0.5513,0.6849,0.879,0.3521,0.862,0.3442,0.7868
SWaT,CP-MAE,0.1,0.5595,0.9627,0.0545,0.003,0.0057,0.6079,0.5182,0.6008,0.0783,0.1385,0.8364,0.1393,0.8184,0.1284,0.7226
WADI,CP-MAE,0.5,0.7106,0.95,0.5362,0.1085,0.1805,0.7083,0.7128,0.8545,0.5513,0.6702,0.8906,0.3532,0.8752,0.345,0.8067
WADI,CP-MAE,0.9,0.6478,0.9484,0.45,0.0792,0.1347,0.637,0.659,0.8207,0.4428,0.5752,0.9029,0.3635,0.8807,0.3512,0.7978
SWaT,CP-MAE,0.3,0.5833,0.9624,0.0,0.0,0.0,0.597,0.5703,0.0,0.0,0.0,0.8358,0.1398,0.8185,0.1295,0.7239
SMD,CP-MAE,0.1,0.8632,0.9342,0.1622,0.3496,0.2215,0.7805,0.9656,0.3499,0.9722,0.5146,0.8163,0.2028,0.8134,0.2021,0.7962
WADI,CP-MAE,0.3,0.5724,0.9487,0.4333,0.0381,0.0701,0.6275,0.5263,0.8988,0.4428,0.5933,0.8753,0.3604,0.8595,0.3528,0.7898
SMD,CP-MAE,0.3,0.8617,0.9223,0.1407,0.3719,0.2042,0.7782,0.9652,0.2998,0.9722,0.4582,0.8127,0.1865,0.8099,0.1859,0.7941
WADI,CP-MAE,0.1,0.5724,0.9485,0.4138,0.0352,0.0649,0.6275,0.5262,0.8988,0.4428,0.5933,0.875,0.3624,0.8588,0.3537,0.788
WADI,CP-MAE,0.5,0.7176,0.9554,0.7531,0.1789,0.2891,0.7218,0.7134,0.9038,0.5513,0.6849,0.8787,0.3539,0.863,0.3461,0.793
WADI,CP-MAE,0.9,0.6393,0.953,0.6866,0.1349,0.2255,0.7072,0.5832,0.8995,0.5513,0.6836,0.8973,0.391,0.8797,0.376,0.8055
WADI,CP-MAE,0.3,0.7268,0.9562,0.7582,0.2023,0.3194,0.7357,0.718,0.8952,0.5513,0.6824,0.8659,0.3409,0.8504,0.3409,0.7767
WADI,CP-MAE,0.1,0.7287,0.9568,0.7684,0.2141,0.3349,0.7376,0.7201,0.8952,0.5513,0.6824,0.8664,0.3439,0.8508,0.3428,0.7768
SWaT,CP-MAE,0.9,0.4994,0.9626,0.0,0.0,0.0,0.5137,0.4859,0.0,0.0,0.0,0.8749,0.193,0.8588,0.1772,0.775
WADI,CP-MAE,0.5,0.6943,0.9525,0.6528,0.1378,0.2276,0.6856,0.7032,0.8826,0.5513,0.6787,0.8864,0.3817,0.8698,0.3719,0.7914
WADI,CP-MAE,0.9,0.6579,0.9521,0.6203,0.1437,0.2333,0.6551,0.6607,0.8343,0.4428,0.5785,0.8883,0.3577,0.8697,0.3521,0.7832
WADI,CP-MAE,0.3,0.575,0.9537,0.7206,0.1437,0.2396,0.6268,0.5311,0.8882,0.4428,0.591,0.8832,0.3637,0.8667,0.3565,0.7981
WADI,CP-MAE,0.1,0.5901,0.9545,0.7869,0.1408,0.2388,0.6643,0.5308,0.9207,0.4428,0.598,0.8838,0.3636,0.8674,0.3562,0.7992
WADI,CP-MAE,0.9,0.6902,0.9513,0.6167,0.1085,0.1845,0.7324,0.6527,0.8678,0.4428,0.5864,0.8682,0.3176,0.8468,0.3116,0.7569
SWaT,CP-MAE,0.1,0.4897,0.9619,0.0336,0.0026,0.0049,0.482,0.4977,0.5068,0.0783,0.1356,0.8331,0.1349,0.8152,0.125,0.7178
SMD,CP-MAE,0.1,0.8621,0.9487,0.2132,0.3397,0.262,0.7903,0.9483,0.4366,0.9715,0.6024,0.819,0.2274,0.8162,0.2269,0.7994
SMD,CP-MAE,0.3,0.861,0.948,0.2087,0.3369,0.2577,0.7884,0.9483,0.432,0.9715,0.598,0.8193,0.2253,0.8165,0.2248,0.7997
WADI,CP-MAE,0.5,0.7107,0.9536,0.6747,0.1642,0.2642,0.7053,0.7161,0.8744,0.5513,0.6763,0.8768,0.3709,0.8618,0.3642,0.7843
SMD,CP-MAE,0.5,0.8381,0.8924,0.114,0.4455,0.1816,0.7256,0.9918,0.2209,0.9815,0.3606,0.8489,0.2276,0.8462,0.2268,0.8307
SWaT,CP-MAE,0.1,0.6379,0.9351,0.0509,0.0469,0.0488,0.543,0.773,0.466,0.7627,0.5785,0.848,0.1502,0.8284,0.1379,0.7268
SWaT,CP-MAE,0.9,0.5612,0.9615,0.0201,0.0018,0.0032,0.4956,0.6468,0.4769,0.0783,0.1345,0.8812,0.2005,0.8626,0.1837,0.77
SWaT,CP-MAE,0.5,0.4952,0.9623,0.062,0.0044,0.0082,0.588,0.4277,0.5401,0.0783,0.1367,0.8686,0.1835,0.8539,0.1714,0.7741
SWaT,CP-MAE,0.3,0.6027,0.9614,0.0428,0.0041,0.0074,0.6037,0.6016,0.4635,0.0783,0.1339,0.8233,0.1385,0.808,0.1286,0.7159
SWaT,CP-MAE,0.1,0.6377,0.9383,0.0616,0.0518,0.0563,0.5494,0.7598,0.4914,0.7627,0.5977,0.8332,0.1375,0.815,0.1271,0.7199
SMD,CP-MAE,0.5,0.8563,0.9272,0.1548,0.385,0.2208,0.7689,0.9661,0.3169,0.9752,0.4783,0.8245,0.2307,0.8217,0.23,0.8072
SWaT,CP-MAE,0.9,0.635,0.9353,0.0568,0.0525,0.0546,0.5431,0.7642,0.4664,0.7627,0.5788,0.8803,0.2051,0.8653,0.1883,0.7845
SWaT,CP-MAE,0.1,0.6413,0.9405,0.0488,0.0365,0.0418,0.5486,0.7718,0.4801,0.6567,0.5547,0.8436,0.1509,0.8278,0.1399,0.7437
SMD,CP-MAE,0.1,0.8278,0.9292,0.1662,0.409,0.2364,0.7132,0.9863,0.323,0.9787,0.4857,0.8455,0.259,0.8429,0.2578,0.8289
SMD,CP-MAE,0.3,0.8333,0.9041,0.1257,0.4332,0.1949,0.7187,0.9913,0.2456,0.9807,0.3928,0.8424,0.2426,0.8399,0.2417,0.8258
SWaT,CP-MAE,0.9,0.6401,0.9361,0.061,0.0555,0.0582,0.5498,0.7659,0.4346,0.6567,0.5231,0.8562,0.1682,0.8405,0.1545,0.7559
SMD,CP-MAE,0.1,0.8638,0.9498,0.1976,0.2861,0.2338,0.801,0.9373,0.4555,0.9715,0.6202,0.8257,0.2158,0.8227,0.2153,0.8057
SWaT,CP-MAE,0.5,0.7276,0.9379,0.0843,0.0758,0.0798,0.6259,0.8688,0.5123,0.8646,0.6434,0.8707,0.1905,0.8562,0.1777,0.7766
SWaT,CP-MAE,0.3,0.5914,0.9399,0.0442,0.0335,0.0381,0.5085,0.7066,0.4342,0.5562,0.4877,0.8426,0.1461,0.8275,0.1358,0.7509
SMD,CP-MAE,0.5,0.8467,0.8982,0.1203,0.4432,0.1892,0.7384,0.992,0.2323,0.9807,0.3756,0.8434,0.2348,0.8408,0.2339,0.8245
SMD,CP-MAE,0.1,0.8642,0.9461,0.1983,0.3319,0.2483,0.7938,0.9483,0.4199,0.9715,0.5864,0.8265,0.2301,0.8235,0.2296,0.8076
SWaT,CP-MAE,0.9,0.6458,0.938,0.0693,0.0599,0.0643,0.5592,0.7642,0.4493,0.6567,0.5336,0.877,0.1993,0.8639,0.1874,0.7922
SWaT,CP-MAE,0.3,0.6103,0.937,0.0335,0.0279,0.0304,0.5112,0.7569,0.45,0.6567,0.5341,0.8214,0.1266,0.8047,0.1177,0.7074
SWaT,CP-MAE,0.3,0.6477,0.9401,0.0531,0.0407,0.0461,0.5578,0.7722,0.4746,0.6567,0.551,0.8403,0.1499,0.8248,0.1392,0.7409
SMD,CP-MAE,0.3,0.8375,0.913,0.1379,0.4282,0.2086,0.7258,0.9899,0.2681,0.9807,0.4211,0.8378,0.2365,0.8353,0.2355,0.8222
SWaT,CP-MAE,0.5,0.6594,0.94,0.073,0.0589,0.0652,0.5741,0.7745,0.4674,0.6567,0.5461,0.8723,0.1886,0.8595,0.1776,0.7843
SMD,CP-MAE,0.5,0.8019,0.8565,0.0864,0.4547,0.1451,0.6716,0.995,0.1713,0.9942,0.2922,0.8366,0.2279,0.8338,0.2271,0.8169
PSM,CP-MAE,0.1,0.7585,0.5934,0.4009,0.638,0.4924,0.6329,0.9462,0.5068,0.9799,0.6681,0.6567,0.5186,0.6502,0.5133,0.6795
SMD,CP-MAE,0.3,0.8489,0.9246,0.1657,0.4492,0.2421,0.7421,0.9917,0.3026,0.9815,0.4626,0.8599,0.29,0.8571,0.2888,0.8415
SWaT,CP-MAE,0.5,0.6786,0.9393,0.0788,0.0665,0.0721,0.5899,0.7987,0.4773,0.7091,0.5705,0.8839,0.1957,0.8712,0.1825,0.7963
SMD,CP-MAE,0.9,0.862,0.9372,0.1664,0.3352,0.2224,0.7912,0.9468,0.3665,0.9715,0.5322,0.8131,0.2042,0.8098,0.2037,0.7934
PSM,CP-MAE,0.9,0.7628,0.5836,0.3933,0.6401,0.4872,0.6383,0.9477,0.496,0.9715,0.6567,0.6441,0.4815,0.6374,0.478,0.6632
PSM,CP-MAE,0.3,0.7651,0.6003,0.4051,0.6253,0.4917,0.6435,0.9435,0.5085,0.9502,0.6625,0.6605,0.5206,0.6547,0.5156,0.6806
SMD,CP-MAE,0.9,0.8612,0.9429,0.1689,0.2882,0.213,0.7958,0.9385,0.4065,0.9715,0.5732,0.8089,0.1959,0.8052,0.1954,0.7838
SMD,CP-MAE,0.5,0.843,0.9055,0.1317,0.452,0.204,0.7312,0.9953,0.2512,0.9993,0.4015,0.8494,0.2592,0.8461,0.258,0.8268
PSM,CP-MAE,0.5,0.7601,0.6017,0.4077,0.6375,0.4973,0.6423,0.9307,0.5059,0.9485,0.6599,0.6677,0.5329,0.6595,0.5258,0.6844
PSM,CP-MAE,0.3,0.7576,0.5977,0.4028,0.6251,0.4899,0.6325,0.9446,0.5139,0.9798,0.6742,0.66,0.497,0.6544,0.494,0.6764
SWaT,CP-MAE,0.5,0.7473,0.9396,0.1845,0.2049,0.1941,0.6554,0.869,0.4884,0.8646,0.6242,0.8869,0.2165,0.8767,0.2045,0.8158
PSM,CP-MAE,0.9,0.8002,0.6194,0.4209,0.6156,0.5,0.7043,0.9262,0.5359,0.978,0.6924,0.6661,0.5152,0.659,0.5103,0.6773
SMD,CP-MAE,0.9,0.803,0.7978,0.0698,0.5315,0.1235,0.6723,0.9967,0.1237,0.9993,0.2202,0.8358,0.2379,0.833,0.2368,0.8183
PSM,CP-MAE,0.3,0.7685,0.6037,0.4079,0.6247,0.4936,0.6497,0.9405,0.5194,0.9798,0.6789,0.6637,0.5069,0.6573,0.5026,0.6842
SMD,CP-MAE,0.9,0.8511,0.9705,0.385,0.1704,0.2363,0.8369,0.8658,0.7779,0.9537,0.8569,0.821,0.1996,0.8176,0.199,0.8
PSM,CP-MAE,0.5,0.7501,0.6011,0.4047,0.6175,0.489,0.6286,0.9297,0.5109,0.9485,0.6641,0.656,0.4841,0.6492,0.4812,0.6716
PSM,CP-MAE,0.3,0.742,0.5965,0.4027,0.6323,0.4921,0.6149,0.9353,0.5007,0.9402,0.6534,0.6527,0.4931,0.6461,0.4899,0.6741
SMD,CP-MAE,0.9,0.8431,0.9701,0.3857,0.1946,0.2587,0.8337,0.8528,0.7553,0.9563,0.844,0.8138,0.2042,0.8106,0.2035,0.7946
PSM,CP-MAE,0.3,0.7777,0.5987,0.403,0.6199,0.4885,0.6608,0.9446,0.5163,0.9799,0.6762,0.6474,0.4638,0.6421,0.4624,0.6638
PSM,CP-MAE,0.9,0.7595,0.6025,0.4058,0.616,0.4893,0.6502,0.913,0.5096,0.9373,0.6602,0.649,0.4991,0.6406,0.4939,0.6648
PSM,CP-MAE,0.5,0.7506,0.6087,0.413,0.6311,0.4992,0.6376,0.9122,0.5139,0.9485,0.6666,0.6674,0.5052,0.6613,0.5017,0.684
PSM,CP-MAE,0.9,0.7889,0.6026,0.4054,0.6122,0.4878,0.684,0.9317,0.5213,0.978,0.6801,0.6563,0.5046,0.6496,0.5,0.6699
PSM,CP-MAE,0.5,0.7504,0.6068,0.4119,0.6363,0.5001,0.6299,0.9279,0.5086,0.9402,0.6601,0.6637,0.5022,0.6565,0.4985,0.6825
PSM,CP-MAE,0.5,0.7453,0.6116,0.4158,0.6333,0.502,0.6319,0.9082,0.5159,0.9485,0.6683,0.6598,0.4928,0.6537,0.4892,0.6778
PSM,CP-MAE,0.9,0.7818,0.6379,0.4395,0.623,0.5154,0.6862,0.9085,0.542,0.9402,0.6876,0.6574,0.5105,0.65,0.5055,0.6725
PSM,CP-MAE,0.1,0.7419,0.5891,0.3983,0.6447,0.4924,0.6101,0.9465,0.5015,0.9799,0.6634,0.6577,0.4934,0.6519,0.4906,0.6758
LTDB,CP-MAE,0.9,0.788,0.8189,0.2678,0.3534,0.3047,0.6721,0.9522,0.5073,0.9948,0.6719,0.793,0.3543,0.7835,0.3406,0.6902
LTDB,CP-MAE,0.3,0.7815,0.8038,0.2404,0.3461,0.2837,0.6638,0.95,0.4763,0.9948,0.6442,0.7651,0.316,0.7568,0.3068,0.6636
LTDB,CP-MAE,0.5,0.7846,0.8074,0.2468,0.3487,0.289,0.6679,0.9507,0.4831,0.9948,0.6503,0.7714,0.3265,0.7628,0.3162,0.6697
LTDB,CP-MAE,0.1,0.7811,0.8017,0.2379,0.3478,0.2825,0.6631,0.9504,0.4717,0.9948,0.64,0.7642,0.3145,0.7558,0.3054,0.6623
LTDB,CP-MAE,0.3,0.7884,0.8234,0.2614,0.3142,0.2854,0.6751,0.9472,0.5285,0.9948,0.6902,0.7574,0.3154,0.7478,0.3052,0.6494
LTDB,CP-MAE,0.9,0.7834,0.8103,0.2525,0.3518,0.294,0.6653,0.9525,0.4885,0.9948,0.6553,0.7941,0.3516,0.7864,0.3394,0.7029
LTDB,CP-MAE,0.1,0.7883,0.8237,0.2611,0.3119,0.2843,0.6751,0.947,0.5299,0.9948,0.6915,0.755,0.3135,0.7453,0.3033,0.6466
LTDB,CP-MAE,0.5,0.7806,0.8003,0.2365,0.3496,0.2821,0.662,0.9509,0.4698,1.0,0.6393,0.7745,0.318,0.7677,0.3089,0.6842
LTDB,CP-MAE,0.9,0.7894,0.812,0.271,0.3991,0.3228,0.672,0.9565,0.4823,1.0,0.6508,0.8204,0.3984,0.8116,0.3837,0.7252
LTDB,CP-MAE,0.5,0.7851,0.8048,0.2463,0.3587,0.2921,0.6679,0.952,0.4767,1.0,0.6457,0.7801,0.3232,0.7739,0.3147,0.6915
LTDB,CP-MAE,0.1,0.7839,0.8044,0.2417,0.3475,0.2851,0.667,0.9505,0.4784,1.0,0.6472,0.7596,0.3087,0.7518,0.3006,0.6595
LTDB,CP-MAE,0.3,0.7832,0.8007,0.2403,0.3587,0.2878,0.6651,0.9522,0.4686,1.0,0.6382,0.773,0.3147,0.7674,0.3072,0.6852
LTDB,CP-MAE,0.9,0.7914,0.8247,0.2796,0.3561,0.3133,0.6767,0.9527,0.5215,1.0,0.6855,0.8089,0.3778,0.7992,0.3641,0.7094
LTDB,CP-MAE,0.5,0.7867,0.8127,0.2529,0.3418,0.2907,0.671,0.9504,0.4976,1.0,0.6645,0.7753,0.3275,0.7672,0.3174,0.6791
LTDB,CP-MAE,0.3,0.7833,0.8062,0.2435,0.3447,0.2854,0.6662,0.9503,0.4829,1.0,0.6513,0.7674,0.3161,0.7599,0.3075,0.6718
LTDB,CP-MAE,0.1,0.7813,0.799,0.2359,0.3529,0.2828,0.6628,0.9512,0.4667,1.0,0.6363,0.7659,0.3061,0.7599,0.2993,0.6773
LTDB,CP-MAE,0.9,0.7872,0.8216,0.2632,0.3271,0.2917,0.6715,0.951,0.522,1.0,0.6859,0.7739,0.3349,0.7628,0.3228,0.6602
LTDB,CP-MAE,0.5,0.783,0.8112,0.2471,0.3329,0.2837,0.6662,0.9493,0.4964,1.0,0.6635,0.7594,0.3179,0.7487,0.307,0.6456
LTDB,CP-MAE,0.3,0.7799,0.8044,0.2385,0.3386,0.2799,0.6617,0.9496,0.4806,1.0,0.6492,0.7572,0.3118,0.7466,0.3015,0.6432
LTDB,CP-MAE,0.1,0.7796,0.8042,0.2382,0.3384,0.2796,0.6612,0.9497,0.4802,1.0,0.6489,0.7579,0.312,0.7473,0.3019,0.644
SMD,CP-MAE,0.75,0.8706,0.9734,0.5096,0.2168,0.3041,0.8707,0.8705,0.8206,0.9543,0.8825,0.8426,0.2569,0.8393,0.2555,0.8219
SMD,CP-MAE,0.75,0.8693,0.9717,0.4347,0.1864,0.261,0.8478,0.892,0.7975,0.9548,0.8691,0.8235,0.2206,0.8204,0.2199,0.8003
SMD,CP-MAE,0.75,0.8583,0.9722,0.4625,0.2201,0.2983,0.8458,0.8711,0.7887,0.9543,0.8636,0.8358,0.2465,0.8318,0.2453,0.81
SMD,CP-MAE,0.75,0.866,0.9699,0.3837,0.2061,0.2682,0.8612,0.8709,0.7424,0.9543,0.8352,0.8315,0.213,0.828,0.212,0.8103
SMD,CP-MAE,0.75,0.8747,0.97,0.3987,0.2378,0.2979,0.8524,0.8982,0.7287,0.963,0.8296,0.8471,0.2402,0.844,0.2392,0.8278
SWaT,CP-MAE,0.75,0.5987,0.9521,0.0787,0.0326,0.0461,0.5256,0.6954,0.5471,0.461,0.5004,0.8842,0.2238,0.8737,0.2106,0.8181
SWaT,CP-MAE,0.75,0.5794,0.9517,0.0216,0.0081,0.0118,0.4999,0.689,0.3074,0.1631,0.2131,0.8737,0.1868,0.8604,0.1735,0.7875
SWaT,CP-MAE,0.75,0.5812,0.9517,0.0234,0.0088,0.0128,0.5025,0.6891,0.3074,0.1631,0.2131,0.8721,0.1978,0.8579,0.1835,0.7856
SWaT,CP-MAE,0.75,0.6729,0.9387,0.169,0.1851,0.1767,0.5993,0.7671,0.4558,0.7627,0.5706,0.8697,0.2054,0.8592,0.191,0.7927
SWaT,CP-MAE,0.75,0.6621,0.9366,0.0876,0.0832,0.0853,0.5726,0.7847,0.468,0.7627,0.58,0.8725,0.1861,0.8597,0.1733,0.7973
PSM,CP-MAE,0.75,0.7635,0.6335,0.4352,0.6236,0.5126,0.658,0.9092,0.5374,0.9402,0.6839,0.6705,0.5449,0.6624,0.5384,0.6861
PSM,CP-MAE,0.75,0.7901,0.6289,0.4308,0.6244,0.5098,0.6936,0.9179,0.5429,0.9799,0.6987,0.6766,0.5284,0.6692,0.5225,0.6863
PSM,CP-MAE,0.75,0.8109,0.6197,0.4214,0.6175,0.501,0.7004,0.9629,0.5407,0.9981,0.7014,0.6744,0.5083,0.6671,0.5043,0.6837
PSM,CP-MAE,0.75,0.7527,0.61,0.4136,0.6269,0.4984,0.6293,0.9364,0.5141,0.9402,0.6647,0.6606,0.5058,0.6527,0.501,0.6712
PSM,CP-MAE,0.75,0.7808,0.6103,0.4149,0.6355,0.502,0.6608,0.954,0.5223,0.9799,0.6814,0.6679,0.5415,0.6583,0.5321,0.6837
WADI,CP-MAE,0.75,0.6936,0.9537,0.6071,0.2493,0.3534,0.664,0.7259,0.7737,0.5513,0.6438,0.8824,0.3766,0.8694,0.3641,0.8071
WADI,CP-MAE,0.75,0.7168,0.9543,0.6288,0.2434,0.351,0.6771,0.7614,0.7932,0.5513,0.6505,0.9077,0.3931,0.8808,0.3739,0.8007
WADI,CP-MAE,0.75,0.7066,0.953,0.5954,0.2287,0.3305,0.6721,0.745,0.7801,0.5513,0.646,0.8963,0.3785,0.879,0.3664,0.8061
WADI,CP-MAE,0.75,0.736,0.9536,0.6074,0.2405,0.3445,0.6676,0.82,0.7801,0.5513,0.646,0.8885,0.3685,0.8654,0.3554,0.7833
WADI,CP-MAE,0.75,0.7066,0.953,0.5954,0.2287,0.3305,0.6721,0.745,0.7801,0.5513,0.646,0.8963,0.3785,0.879,0.3664,0.8061
LTDB,CP-MAE,0.75,0.7887,0.8172,0.2627,0.348,0.2994,0.6736,0.9513,0.5046,0.9948,0.6696,0.778,0.338,0.7683,0.3268,0.6724
LTDB,CP-MAE,0.75,0.7882,0.8178,0.2631,0.3459,0.2988,0.6733,0.9505,0.5066,0.9948,0.6714,0.7839,0.3461,0.7748,0.3331,0.6818
LTDB,CP-MAE,0.75,0.7814,0.804,0.2412,0.3474,0.2847,0.6628,0.9515,0.4765,0.9948,0.6443,0.7857,0.3359,0.7781,0.3249,0.6928
LTDB,CP-MAE,0.75,0.7873,0.8094,0.2587,0.374,0.3059,0.6702,0.9541,0.4814,0.9948,0.6489,0.8006,0.3615,0.7926,0.3492,0.7076
LTDB,CP-MAE,0.75,0.7921,0.8263,0.2737,0.3311,0.2996,0.6794,0.9495,0.5323,1.0,0.6948,0.7872,0.349,0.778,0.3369,0.6882
PSM,CP-MAE,0.1,0.7323,0.576,0.3926,0.6795,0.4977,0.6048,0.928,0.4718,0.9391,0.6281,0.6514,0.4914,0.6438,0.488,0.6781
PSM,CP-MAE,0.1,0.7387,0.5775,0.3927,0.6713,0.4956,0.6153,0.9239,0.475,0.9391,0.6309,0.6509,0.4754,0.6435,0.483,0.6729
PSM,CP-MAE,0.1,0.7509,0.5933,0.4019,0.647,0.4958,0.627,0.9359,0.4941,0.9403,0.6478,0.6588,0.5004,0.6522,0.497,0.6799
