data_name,algo,alpha,uncertainty_weight,affiliation_f,accuracy,precision,recall,f_score,affiliation_precision,affiliation_recall,adjust_precision,adjust_recall,adjust_f_score,R_AUC_ROC,R_AUC_PR,VUS_ROC,VUS_PR,auc_roc
LTDB,CP-MAE,10,5.0,0.7886,0.8457,0.2708,0.2211,0.2434,0.6786,0.9412,0.6268,1.0,0.7706,0.736,0.2891,0.7332,0.2843,0.6474
SWaT,CP-MAE,10,1.0,0.6611,0.9398,0.159,0.1617,0.1603,0.5816,0.7659,0.4713,0.7627,0.5826,0.864,0.2025,0.8476,0.1853,0.7635
SMD,CP-MAE,10,1.0,0.8549,0.974,0.5735,0.1228,0.2023,0.8414,0.8689,0.9098,0.9207,0.9152,0.7802,0.1834,0.7781,0.1832,0.7605
SWaT,CP-MAE,10,1.0,0.7,0.9355,0.0766,0.0737,0.0751,0.5991,0.8417,0.4775,0.8122,0.6014,0.8422,0.159,0.8276,0.1485,0.7491
SMD,CP-MAE,10,1.0,0.838,0.973,0.4816,0.1201,0.1923,0.8153,0.862,0.8767,0.9192,0.8974,0.7789,0.1631,0.7762,0.1631,0.7551
LTDB,CP-MAE,10,5.0,0.7923,0.8458,0.2786,0.2348,0.2548,0.6832,0.9428,0.6219,1.0,0.7669,0.7731,0.3216,0.7687,0.3141,0.685
PSM,CP-MAE,10,1.0,0.7592,0.6198,0.4178,0.5844,0.4872,0.6773,0.8636,0.5372,0.9455,0.6851,0.6301,0.4726,0.6215,0.4675,0.6463
SWaT,CP-MAE,10,1.0,0.6738,0.9352,0.0793,0.0778,0.0785,0.5909,0.7839,0.4251,0.6675,0.5194,0.8575,0.1824,0.8411,0.1663,0.7558
SWaT,CP-MAE,10,1.0,0.6608,0.9385,0.0744,0.0638,0.0687,0.5811,0.7658,0.4899,0.7627,0.5966,0.8713,0.1947,0.8561,0.18,0.7748
SMD,CP-MAE,10,1.0,0.8604,0.9741,0.5743,0.1326,0.2155,0.851,0.87,0.904,0.9254,0.9145,0.7911,0.1956,0.789,0.1954,0.7704
PSM,CP-MAE,10,1.0,0.7492,0.6205,0.4178,0.579,0.4854,0.6697,0.8501,0.5396,0.9455,0.687,0.6427,0.5094,0.6335,0.5016,0.661
LTDB,CP-MAE,10,5.0,0.789,0.8445,0.2677,0.2216,0.2425,0.679,0.9417,0.6225,1.0,0.7674,0.7348,0.2884,0.7322,0.2836,0.6467
PSM,CP-MAE,10,1.0,0.7265,0.619,0.4163,0.5778,0.4839,0.6544,0.8165,0.5356,0.9343,0.6808,0.6095,0.4471,0.6007,0.4432,0.6283
SMD,CP-MAE,10,1.0,0.8457,0.9727,0.4656,0.1171,0.1872,0.8279,0.8644,0.8724,0.9192,0.8952,0.7778,0.1631,0.7755,0.163,0.7549
SWaT,CP-MAE,10,1.0,0.6777,0.9383,0.0863,0.0769,0.0813,0.596,0.7853,0.4838,0.7627,0.5921,0.8683,0.1916,0.8562,0.1764,0.7958
SMD,CP-MAE,10,1.0,0.8625,0.9744,0.5943,0.135,0.22,0.8547,0.8704,0.9094,0.9254,0.9173,0.7974,0.202,0.795,0.2019,0.7774
WADI,CP-MAE,10,5.0,0.7152,0.9521,0.5704,0.2258,0.3235,0.6225,0.8402,0.7642,0.5513,0.6405,0.8377,0.2772,0.8206,0.277,0.7327
WADI,CP-MAE,10,5.0,0.7049,0.9507,0.5379,0.2082,0.3002,0.6212,0.8147,0.755,0.5513,0.6373,0.8736,0.3001,0.8557,0.2941,0.7742
PSM,CP-MAE,10,1.0,0.7406,0.6243,0.4196,0.5621,0.4805,0.6597,0.8442,0.5487,0.9455,0.6944,0.6368,0.4825,0.6284,0.477,0.6494
WADI,CP-MAE,10,5.0,0.7069,0.953,0.5912,0.2375,0.3389,0.6214,0.8196,0.7705,0.5513,0.6427,0.8771,0.3104,0.8589,0.3063,0.7787
WADI,CP-MAE,10,5.0,0.7258,0.9524,0.5755,0.2346,0.3333,0.6378,0.8418,0.7611,0.5513,0.6395,0.8433,0.2865,0.825,0.2837,0.7392
WADI,CP-MAE,10,5.0,0.7309,0.9536,0.6142,0.2287,0.3333,0.6609,0.8176,0.7932,0.5513,0.6505,0.8817,0.3372,0.8628,0.3318,0.7766
PSM,CP-MAE,10,1.0,0.7623,0.6244,0.4199,0.564,0.4814,0.6952,0.8437,0.5461,0.9373,0.6901,0.6294,0.4845,0.6211,0.4787,0.6442
LTDB,CP-MAE,10,5.0,0.7961,0.849,0.2924,0.2427,0.2652,0.6893,0.9422,0.6299,1.0,0.7729,0.785,0.336,0.7799,0.328,0.6952
LTDB,CP-MAE,10,5.0,0.7884,0.8454,0.2694,0.2205,0.2425,0.6783,0.9411,0.6259,1.0,0.7699,0.7321,0.2846,0.7287,0.2802,0.6405
SMD,CP-MAE,0.5,1.0,0.8543,0.9651,0.3187,0.2642,0.2889,0.8422,0.8667,0.6295,0.9598,0.7603,0.8215,0.2171,0.8179,0.2164,0.8025
SMD,CP-MAE,0.5,1.0,0.8494,0.9681,0.3574,0.2388,0.2863,0.8446,0.8544,0.6902,0.9563,0.8018,0.8259,0.2245,0.8221,0.224,0.8051
SWaT,CP-MAE,0.5,1.0,0.6522,0.9363,0.085,0.0813,0.0831,0.5579,0.7848,0.4659,0.7627,0.5784,0.8535,0.1775,0.8379,0.1665,0.7585
SWaT,CP-MAE,0.5,1.0,0.6396,0.935,0.0476,0.0437,0.0456,0.5407,0.7826,0.429,0.6567,0.519,0.8736,0.185,0.8598,0.1725,0.7866
SMD,CP-MAE,0.5,1.0,0.8716,0.9594,0.2759,0.3169,0.295,0.858,0.8855,0.5365,0.963,0.6891,0.8494,0.2399,0.8452,0.2386,0.8248
SMD,CP-MAE,0.5,1.0,0.8488,0.9663,0.3254,0.2406,0.2766,0.8433,0.8544,0.6582,0.9607,0.7812,0.8248,0.2143,0.8211,0.2138,0.805
LTDB,CP-MAE,0.5,5.0,0.7653,0.7552,0.2107,0.4298,0.2828,0.6378,0.9566,0.3819,0.9948,0.5519,0.7658,0.3285,0.7539,0.3148,0.6509
SMD,CP-MAE,0.5,1.0,0.8332,0.9675,0.3549,0.2597,0.3,0.8389,0.8277,0.6678,0.9492,0.784,0.8209,0.2246,0.8172,0.2242,0.8016
SWaT,CP-MAE,0.5,1.0,0.6489,0.9401,0.1261,0.1157,0.1206,0.5634,0.7649,0.4875,0.7627,0.5948,0.8813,0.2031,0.8701,0.1911,0.8061
SWaT,CP-MAE,0.5,1.0,0.6383,0.9351,0.0604,0.0568,0.0585,0.5486,0.7631,0.4264,0.6567,0.5171,0.8672,0.1761,0.8518,0.1626,0.7734
LTDB,CP-MAE,0.5,5.0,0.7597,0.7387,0.2042,0.458,0.2824,0.6293,0.9585,0.3578,0.9948,0.5263,0.7822,0.3405,0.7711,0.3256,0.6759
SWaT,CP-MAE,0.5,1.0,0.6152,0.9396,0.0316,0.0236,0.027,0.522,0.7491,0.4754,0.6567,0.5515,0.8727,0.1827,0.8599,0.17,0.7989
PSM,CP-MAE,0.5,1.0,0.7463,0.6114,0.4212,0.6881,0.5226,0.6249,0.9261,0.4986,0.9403,0.6517,0.6692,0.5121,0.6634,0.509,0.6903
LTDB,CP-MAE,0.5,5.0,0.765,0.7321,0.211,0.5063,0.2979,0.6338,0.9645,0.3445,0.9948,0.5118,0.809,0.3661,0.8011,0.3517,0.72
PSM,CP-MAE,0.5,1.0,0.7449,0.5899,0.4034,0.6827,0.5072,0.6109,0.9543,0.4925,0.9799,0.6556,0.6724,0.4973,0.6664,0.4952,0.6865
LTDB,CP-MAE,0.5,5.0,0.7664,0.76,0.2181,0.4403,0.2917,0.6393,0.9565,0.3878,1.0,0.5589,0.7813,0.3507,0.7693,0.3353,0.6707
WADI,CP-MAE,0.5,5.0,0.6865,0.9533,0.6,0.2375,0.3403,0.653,0.7236,0.7769,0.5513,0.6449,0.8797,0.378,0.8612,0.3643,0.7929
WADI,CP-MAE,0.5,5.0,0.6906,0.9524,0.5755,0.2346,0.3333,0.6602,0.724,0.7611,0.5513,0.6395,0.9027,0.3877,0.882,0.3715,0.81
LTDB,CP-MAE,0.5,5.0,0.7566,0.7401,0.1996,0.4368,0.274,0.6265,0.9549,0.3622,0.9948,0.5311,0.752,0.309,0.7385,0.296,0.628
PSM,CP-MAE,0.5,1.0,0.746,0.5905,0.4035,0.6794,0.5063,0.6189,0.9386,0.4836,0.9403,0.6387,0.6582,0.4938,0.6508,0.4903,0.675
WADI,CP-MAE,0.5,5.0,0.6861,0.9521,0.5683,0.2317,0.3292,0.6526,0.7233,0.7581,0.5513,0.6384,0.886,0.3827,0.8664,0.3674,0.7886
WADI,CP-MAE,0.5,5.0,0.7018,0.9537,0.6103,0.2434,0.348,0.6798,0.7253,0.7801,0.5513,0.646,0.8792,0.3765,0.8611,0.3654,0.7757
PSM,CP-MAE,0.5,1.0,0.7492,0.5786,0.3943,0.6781,0.4987,0.6212,0.9436,0.4749,0.9421,0.6315,0.6688,0.5301,0.662,0.5253,0.6906
WADI,CP-MAE,0.5,5.0,0.6883,0.9524,0.5734,0.2405,0.3388,0.6558,0.7242,0.755,0.5513,0.6373,0.8754,0.3739,0.8592,0.3624,0.7854
PSM,CP-MAE,0.5,1.0,0.7534,0.6,0.4113,0.6815,0.513,0.6284,0.9406,0.4913,0.9421,0.6458,0.661,0.5047,0.6551,0.5014,0.6825
LTDB,CP-MAE,5,5.0,0.7886,0.8433,0.268,0.2286,0.2468,0.6782,0.9419,0.6156,1.0,0.7621,0.7376,0.2885,0.7319,0.2833,0.6381
SWaT,CP-MAE,5,1.0,0.6649,0.9429,0.1718,0.1589,0.1651,0.5874,0.7659,0.499,0.7627,0.6033,0.8631,0.1955,0.8487,0.18,0.771
SWaT,CP-MAE,5,1.0,0.6996,0.9353,0.0757,0.0733,0.0745,0.5985,0.8417,0.4757,0.8122,0.6,0.8433,0.1595,0.8286,0.1488,0.7502
LTDB,CP-MAE,5,5.0,0.7939,0.8464,0.286,0.2463,0.2647,0.6859,0.9423,0.618,0.9948,0.7624,0.786,0.3407,0.7805,0.3316,0.6948
SMD,CP-MAE,5,1.0,0.8535,0.9744,0.5938,0.1366,0.2221,0.8514,0.8556,0.9074,0.9155,0.9114,0.8034,0.205,0.801,0.2046,0.7849
SWaT,CP-MAE,5,1.0,0.6936,0.9416,0.1672,0.1617,0.1644,0.6209,0.7857,0.4863,0.7627,0.5939,0.8604,0.1935,0.8451,0.1783,0.7606
SMD,CP-MAE,5,1.0,0.8453,0.9724,0.4449,0.1225,0.1921,0.8294,0.8618,0.8575,0.9192,0.8873,0.7964,0.169,0.7938,0.1689,0.7748
LTDB,CP-MAE,5,5.0,0.7882,0.8441,0.2694,0.2271,0.2465,0.6778,0.9417,0.6189,1.0,0.7646,0.7379,0.2915,0.7329,0.2858,0.6419
SWaT,CP-MAE,5,1.0,0.658,0.9395,0.0835,0.0705,0.0765,0.5764,0.7663,0.4964,0.7627,0.6014,0.8761,0.1987,0.8612,0.184,0.782
SMD,CP-MAE,5,1.0,0.8613,0.9732,0.4991,0.1465,0.2265,0.8526,0.8703,0.863,0.9254,0.8931,0.8079,0.1946,0.8061,0.1942,0.7903
SWaT,CP-MAE,5,1.0,0.673,0.9352,0.0777,0.0758,0.0767,0.5893,0.7844,0.4586,0.7627,0.5728,0.8721,0.1979,0.8621,0.182,0.8067
SMD,CP-MAE,5,1.0,0.8483,0.9727,0.4666,0.1221,0.1936,0.8336,0.8636,0.8681,0.9192,0.8929,0.7878,0.17,0.7854,0.1699,0.7657
PSM,CP-MAE,5,1.0,0.7488,0.6215,0.4195,0.5856,0.4888,0.6678,0.8521,0.5386,0.9455,0.6862,0.635,0.481,0.6265,0.4756,0.6512
PSM,CP-MAE,5,1.0,0.7536,0.6231,0.4198,0.5743,0.4851,0.6767,0.8502,0.5436,0.9455,0.6903,0.6435,0.5002,0.6344,0.4933,0.6567
SMD,CP-MAE,5,1.0,0.8619,0.9744,0.5917,0.1398,0.2261,0.8539,0.8701,0.9056,0.9254,0.9154,0.8068,0.202,0.8044,0.2019,0.7866
PSM,CP-MAE,5,1.0,0.7495,0.6213,0.4178,0.572,0.4829,0.6685,0.853,0.5404,0.9373,0.6856,0.6244,0.472,0.6161,0.4669,0.6391
WADI,CP-MAE,5,5.0,0.7155,0.9521,0.5704,0.2258,0.3235,0.6359,0.8179,0.7642,0.5513,0.6405,0.8934,0.3457,0.8753,0.3431,0.7881
PSM,CP-MAE,5,1.0,0.7606,0.6226,0.4203,0.5823,0.4882,0.6764,0.8688,0.5483,0.9752,0.702,0.6397,0.4838,0.6315,0.4784,0.6532
WADI,CP-MAE,5,5.0,0.7078,0.951,0.5462,0.2082,0.3015,0.6256,0.8147,0.7611,0.5513,0.6395,0.8747,0.302,0.8568,0.2962,0.7751
PSM,CP-MAE,5,1.0,0.757,0.6236,0.4204,0.575,0.4857,0.6847,0.8464,0.5417,0.9373,0.6866,0.6321,0.486,0.6239,0.4803,0.6467
WADI,CP-MAE,5,5.0,0.7179,0.9539,0.6183,0.2375,0.3432,0.6388,0.8194,0.7899,0.5513,0.6494,0.8321,0.291,0.8125,0.2899,0.7212
WADI,CP-MAE,5,5.0,0.713,0.953,0.5874,0.2463,0.3471,0.63,0.8211,0.7611,0.5513,0.6395,0.8732,0.3277,0.8534,0.3192,0.763
WADI,CP-MAE,5,5.0,0.7309,0.9536,0.6142,0.2287,0.3333,0.6609,0.8176,0.7932,0.5513,0.6505,0.8833,0.3403,0.8645,0.3359,0.7791
LTDB,CP-MAE,5,5.0,0.7944,0.8432,0.2849,0.2629,0.2734,0.6852,0.9449,0.6025,1.0,0.7519,0.8005,0.3541,0.7949,0.3444,0.7127
LTDB,CP-MAE,5,5.0,0.7937,0.8446,0.2855,0.2558,0.2699,0.6848,0.9438,0.6097,1.0,0.7575,0.7882,0.3399,0.7819,0.3298,0.6932
SMD,CP-MAE,1,1.0,0.8706,0.9734,0.5096,0.2168,0.3041,0.8707,0.8705,0.8206,0.9543,0.8825,0.8426,0.2569,0.8393,0.2555,0.8219
SMD,CP-MAE,1,1.0,0.8693,0.9717,0.4347,0.1864,0.261,0.8478,0.892,0.7975,0.9548,0.8691,0.8235,0.2206,0.8204,0.2199,0.8003
SMD,CP-MAE,1,1.0,0.8583,0.9722,0.4625,0.2201,0.2983,0.8458,0.8711,0.7887,0.9543,0.8636,0.8358,0.2465,0.8318,0.2453,0.81
SMD,CP-MAE,1,1.0,0.866,0.9699,0.3837,0.2061,0.2682,0.8612,0.8709,0.7424,0.9543,0.8352,0.8315,0.213,0.828,0.212,0.8103
SMD,CP-MAE,1,1.0,0.8747,0.97,0.3987,0.2378,0.2979,0.8524,0.8982,0.7287,0.963,0.8296,0.8471,0.2402,0.844,0.2392,0.8278
SWaT,CP-MAE,1,1.0,0.5987,0.9521,0.0787,0.0326,0.0461,0.5256,0.6954,0.5471,0.461,0.5004,0.8842,0.2238,0.8737,0.2106,0.8181
SWaT,CP-MAE,1,1.0,0.5794,0.9517,0.0216,0.0081,0.0118,0.4999,0.689,0.3074,0.1631,0.2131,0.8737,0.1868,0.8604,0.1735,0.7875
SWaT,CP-MAE,1,1.0,0.5812,0.9517,0.0234,0.0088,0.0128,0.5025,0.6891,0.3074,0.1631,0.2131,0.8721,0.1978,0.8579,0.1835,0.7856
SWaT,CP-MAE,1,1.0,0.6729,0.9387,0.169,0.1851,0.1767,0.5993,0.7671,0.4558,0.7627,0.5706,0.8697,0.2054,0.8592,0.191,0.7927
SWaT,CP-MAE,1,1.0,0.6621,0.9366,0.0876,0.0832,0.0853,0.5726,0.7847,0.468,0.7627,0.58,0.8725,0.1861,0.8597,0.1733,0.7973
PSM,CP-MAE,1,1.0,0.7635,0.6335,0.4352,0.6236,0.5126,0.658,0.9092,0.5374,0.9402,0.6839,0.6705,0.5449,0.6624,0.5384,0.6861
PSM,CP-MAE,1,1.0,0.7901,0.6289,0.4308,0.6244,0.5098,0.6936,0.9179,0.5429,0.9799,0.6987,0.6766,0.5284,0.6692,0.5225,0.6863
PSM,CP-MAE,1,1.0,0.8109,0.6197,0.4214,0.6175,0.501,0.7004,0.9629,0.5407,0.9981,0.7014,0.6744,0.5083,0.6671,0.5043,0.6837
PSM,CP-MAE,1,1.0,0.7527,0.61,0.4136,0.6269,0.4984,0.6293,0.9364,0.5141,0.9402,0.6647,0.6606,0.5058,0.6527,0.501,0.6712
PSM,CP-MAE,1,1.0,0.7808,0.6103,0.4149,0.6355,0.502,0.6608,0.954,0.5223,0.9799,0.6814,0.6679,0.5415,0.6583,0.5321,0.6837
WADI,CP-MAE,1,5.0,0.6936,0.9537,0.6071,0.2493,0.3534,0.664,0.7259,0.7737,0.5513,0.6438,0.8824,0.3766,0.8694,0.3641,0.8071
WADI,CP-MAE,1,5.0,0.7168,0.9543,0.6288,0.2434,0.351,0.6771,0.7614,0.7932,0.5513,0.6505,0.9077,0.3931,0.8808,0.3739,0.8007
WADI,CP-MAE,1,5.0,0.7066,0.953,0.5954,0.2287,0.3305,0.6721,0.745,0.7801,0.5513,0.646,0.8963,0.3785,0.879,0.3664,0.8061
WADI,CP-MAE,1,5.0,0.736,0.9536,0.6074,0.2405,0.3445,0.6676,0.82,0.7801,0.5513,0.646,0.8885,0.3685,0.8654,0.3554,0.7833
WADI,CP-MAE,1,5.0,0.7066,0.953,0.5954,0.2287,0.3305,0.6721,0.745,0.7801,0.5513,0.646,0.8963,0.3785,0.879,0.3664,0.8061
LTDB,CP-MAE,1,5.0,0.7887,0.8172,0.2627,0.348,0.2994,0.6736,0.9513,0.5046,0.9948,0.6696,0.778,0.338,0.7683,0.3268,0.6724
LTDB,CP-MAE,1,5.0,0.7882,0.8178,0.2631,0.3459,0.2988,0.6733,0.9505,0.5066,0.9948,0.6714,0.7839,0.3461,0.7748,0.3331,0.6818
LTDB,CP-MAE,1,5.0,0.7814,0.804,0.2412,0.3474,0.2847,0.6628,0.9515,0.4765,0.9948,0.6443,0.7857,0.3359,0.7781,0.3249,0.6928
LTDB,CP-MAE,1,5.0,0.7873,0.8094,0.2587,0.374,0.3059,0.6702,0.9541,0.4814,0.9948,0.6489,0.8006,0.3615,0.7926,0.3492,0.7076
LTDB,CP-MAE,1,5.0,0.7921,0.8263,0.2737,0.3311,0.2996,0.6794,0.9495,0.5323,1.0,0.6948,0.7872,0.349,0.778,0.3369,0.6882
SMD,CP-MAE,0,1.0,0.7733,0.8541,0.0963,0.5303,0.163,0.7936,0.7541,0.158,0.934,0.2703,0.7946,0.1539,0.7887,0.1522,0.8043
SMD,CP-MAE,0,1.0,0.8233,0.8148,0.0913,0.6604,0.1604,0.7509,0.9112,0.1287,0.9707,0.2272,0.8261,0.1625,0.8203,0.1607,0.8214
SMD,CP-MAE,0,1.0,0.71,0.8504,0.0915,0.5137,0.1554,0.7633,0.6636,0.1511,0.9077,0.2591,0.7553,0.1329,0.7502,0.1316,0.79
SMD,CP-MAE,0,1.0,0.7227,0.838,0.0879,0.5385,0.1512,0.758,0.6906,0.1396,0.906,0.2419,0.7802,0.1329,0.774,0.1315,0.7958
SMD,CP-MAE,0,1.0,0.8196,0.8124,0.0907,0.6646,0.1596,0.751,0.9019,0.1272,0.9713,0.2249,0.8239,0.1822,0.8185,0.1803,0.8286
SWaT,CP-MAE,0,1.0,0.5789,0.9489,0.0186,0.0085,0.0116,0.4994,0.6886,0.1493,0.0783,0.1027,0.789,0.1141,0.776,0.1076,0.6969
SWaT,CP-MAE,0,1.0,0.578,0.9492,0.0197,0.0088,0.0122,0.4979,0.6887,0.1514,0.0783,0.1032,0.7869,0.114,0.7729,0.1074,0.6876
SWaT,CP-MAE,0,1.0,0.5773,0.949,0.0191,0.0086,0.0119,0.497,0.6886,0.1497,0.0783,0.1028,0.7966,0.1181,0.782,0.111,0.7012
SWaT,CP-MAE,0,1.0,0.5788,0.9491,0.0188,0.0085,0.0117,0.4992,0.6886,0.1505,0.0783,0.103,0.7936,0.1167,0.7802,0.11,0.7025
SWaT,CP-MAE,0,1.0,0.5798,0.9489,0.0189,0.0086,0.0119,0.5007,0.6887,0.1488,0.0783,0.1026,0.7909,0.1143,0.7772,0.1078,0.6989
WADI,CP-MAE,0,5.0,0.368,0.9406,0.1081,0.0235,0.0386,0.4602,0.3066,0.5541,0.2405,0.3354,0.7923,0.2926,0.7712,0.2717,0.763
WADI,CP-MAE,0,5.0,0.3249,0.9426,0.1186,0.0205,0.035,0.4781,0.2461,0.6119,0.2405,0.3453,0.7836,0.3035,0.7548,0.2821,0.7646
WADI,CP-MAE,0,5.0,0.3436,0.9424,0.1515,0.0293,0.0491,0.5094,0.2593,0.68,0.349,0.4612,0.808,0.3174,0.7902,0.2969,0.7723
WADI,CP-MAE,0,5.0,0.3577,0.9414,0.1045,0.0205,0.0343,0.4508,0.2965,0.5775,0.2405,0.3395,0.7789,0.2982,0.749,0.2753,0.7649
WADI,CP-MAE,0,5.0,0.3862,0.9412,0.1029,0.0205,0.0342,0.4997,0.3147,0.5734,0.2405,0.3388,0.8245,0.3204,0.8039,0.2978,0.7622
PSM,CP-MAE,0,1.0,0.7319,0.6281,0.4351,0.6813,0.5311,0.6069,0.9218,0.5206,0.9604,0.6752,0.6374,0.4515,0.6339,0.4491,0.662
PSM,CP-MAE,0,1.0,0.7319,0.6318,0.4374,0.6672,0.5284,0.6086,0.9179,0.5273,0.9574,0.6801,0.6344,0.4524,0.6319,0.4504,0.6642
PSM,CP-MAE,0,1.0,0.7331,0.625,0.4316,0.6729,0.5259,0.6067,0.9262,0.5201,0.9604,0.6747,0.64,0.4509,0.6382,0.4491,0.6608
PSM,CP-MAE,0,1.0,0.7286,0.6054,0.4188,0.7138,0.5279,0.6007,0.9257,0.4923,0.9604,0.6509,0.631,0.4526,0.6285,0.4501,0.6611
PSM,CP-MAE,0,1.0,0.7291,0.6368,0.4414,0.6592,0.5287,0.6103,0.9052,0.5352,0.9604,0.6873,0.6387,0.4552,0.6371,0.4531,0.6645
LTDB,CP-MAE,0,5.0,0.7528,0.6785,0.1922,0.5818,0.2889,0.6163,0.9669,0.2885,0.9915,0.4469,0.7519,0.295,0.7354,0.2794,0.62
LTDB,CP-MAE,0,5.0,0.745,0.6783,0.1895,0.5694,0.2844,0.6068,0.9648,0.2894,0.9915,0.448,0.7504,0.2869,0.7339,0.2721,0.618
LTDB,CP-MAE,0,5.0,0.7538,0.6766,0.1857,0.5554,0.2783,0.6188,0.9642,0.2885,0.9881,0.4467,0.7445,0.2828,0.73,0.2677,0.6247
LTDB,CP-MAE,0,5.0,0.7469,0.6971,0.1891,0.5163,0.2768,0.6113,0.9597,0.3078,0.9848,0.469,0.7514,0.2865,0.7353,0.2706,0.6263
LTDB,CP-MAE,0,5.0,0.7546,0.6966,0.1967,0.5524,0.2901,0.6196,0.9648,0.3039,0.9848,0.4645,0.7682,0.3042,0.7539,0.287,0.6599