model,dataset,K,win_size,channels,batch,params_M,flops_G,mem_GB,train_s_per_step,latency_ms_p50,latency_ms_p95,throughput_win_s
CP-MAE (K=1),PSM,1,320,25,64,1.012,0.112141312,0.065,0.0507,0.3129,0.316,3196.4
CP-MAE (K=16),PSM,16,320,25,64,1.012,0.112141312,0.083,0.0461,4.9974,5.2162,200.1
CP-MAE,PSM,1,128,25,64,0.773,,0.082,,0.2045,0.3135,4891.0
CP-MAE,PSM,4,128,25,64,0.773,,0.086,,1.89,1.904,529.1
CP-MAE,PSM,8,128,25,64,0.773,,0.086,,2.9558,2.9845,338.3
CP-MAE,PSM,16,128,25,64,0.773,,0.089,,4.9946,5.1131,200.2
CP-MAE,PSM,32,128,25,64,0.773,,0.089,,9.0248,9.2274,110.8
CP-MAE,PSM,1,320,25,64,1.012,,0.096,,0.1897,0.3146,5271.1
CP-MAE,PSM,4,320,25,64,1.012,,0.1,,1.908,2.0033,524.1
CP-MAE,PSM,8,320,25,64,1.012,,0.103,,3.053,3.0763,327.5
CP-MAE,PSM,16,320,25,64,1.012,,0.103,,4.8759,5.2193,205.1
CP-MAE,PSM,32,320,25,64,1.012,,0.107,,8.5048,9.6376,117.6
CP-MAE,PSM,1,480,25,64,1.211,,0.109,,0.3163,0.3193,3161.6
CP-MAE,PSM,4,480,25,64,1.211,,0.117,,1.9874,2.0076,503.2
CP-MAE,PSM,8,480,25,64,1.211,,0.122,,2.977,3.1685,335.9
CP-MAE,PSM,16,480,25,64,1.211,,0.122,,5.1645,5.2733,193.6
CP-MAE,PSM,32,480,25,64,1.211,,0.126,,9.1617,9.8374,109.1
