dataset,contam_rate,rho_t,seed,batch_size,probe,mr,err_anom,err_norm,n_points
SMD,0.1,0.15,0,2048,plain,11.7576,17.915306091308594,1.5237243175506592,320960
SMD,0.1,0.15,0,2048,masked,8.5791,5.185031414031982,0.6043798923492432,320960
SMD,0.1,0.15,1,2048,plain,4.9959,11.606972694396973,2.3233041763305664,320960
SMD,0.1,0.15,1,2048,masked,10.2625,5.654476165771484,0.5509865283966064,320960
SMD,0.1,0.35,0,2048,plain,8.4744,21.819929122924805,2.5748002529144287,320960
SMD,0.1,0.35,0,2048,masked,12.2255,4.774913311004639,0.3905711770057678,320960
SMD,0.1,0.35,1,2048,plain,8.0523,11.9293851852417,1.4814964532852173,320960
SMD,0.1,0.35,1,2048,masked,12.2176,5.044565677642822,0.412892609834671,320960
SMD,0.1,0.55,0,2048,plain,7.9523,18.472850799560547,2.322949171066284,320960
SMD,0.1,0.55,0,2048,masked,13.9407,4.557812213897705,0.3269425332546234,320960
SMD,0.1,0.55,1,2048,plain,3.9713,17.49866485595703,4.406243324279785,320960
SMD,0.1,0.55,1,2048,masked,12.8812,5.136623859405518,0.3987692594528198,320960
SMD,0.1,0.75,0,2048,plain,1.669,25.784093856811523,15.448944091796875,320960
SMD,0.1,0.75,0,2048,masked,9.502,4.786223888397217,0.5037086009979248,320960
SMD,0.1,0.75,1,2048,plain,1.2054,33.718170166015625,27.97353744506836,320960
SMD,0.1,0.75,1,2048,masked,10.099,5.094593524932861,0.5044655799865723,320960
SMD,0.1,0.9,0,2048,plain,1.6488,141.01478576660156,85.52586364746094,320960
SMD,0.1,0.9,0,2048,masked,9.4083,5.076777935028076,0.5396072864532471,320960
SMD,0.1,0.9,1,2048,plain,1.1802,43.56950759887695,36.91704559326172,320960
SMD,0.1,0.9,1,2048,masked,9.5623,5.033665180206299,0.5264076590538025,320960
