dataset,model,nominal_rate,actual_rate,inject_seed,run_seed,batch_size,step,metric,value
WADI,CP-MAE,0.0,0.0,0,0,512,1,AUC_ROC,0.8154
WADI,CP-MAE,0.0,0.0,0,0,512,1,R_AUC_ROC,0.9003
WADI,CP-MAE,0.0,0.0,0,0,512,1,R_AUC_PR,0.3714
WADI,CP-MAE,0.0,0.0,0,0,512,1,VUS_ROC,0.881
WADI,CP-MAE,0.0,0.0,0,0,512,1,VUS_PR,0.3593
WADI,CP-MAE,0.1,0.1000103103412723,0,0,512,1,AUC_ROC,0.82
WADI,CP-MAE,0.1,0.1000103103412723,0,0,512,1,R_AUC_ROC,0.8965
WADI,CP-MAE,0.1,0.1000103103412723,0,0,512,1,R_AUC_PR,0.3638
WADI,CP-MAE,0.1,0.1000103103412723,0,0,512,1,VUS_ROC,0.88
WADI,CP-MAE,0.1,0.1000103103412723,0,0,512,1,VUS_PR,0.3536
WADI,CP-MAE,0.2,0.2000206206825446,0,0,512,1,AUC_ROC,0.8226
WADI,CP-MAE,0.2,0.2000206206825446,0,0,512,1,R_AUC_ROC,0.8973
WADI,CP-MAE,0.2,0.2000206206825446,0,0,512,1,R_AUC_PR,0.3696
WADI,CP-MAE,0.2,0.2000206206825446,0,0,512,1,VUS_ROC,0.8808
WADI,CP-MAE,0.2,0.2000206206825446,0,0,512,1,VUS_PR,0.3582
WADI,CP-MAE,0.3,0.3000309310238169,0,0,512,1,AUC_ROC,0.8108
WADI,CP-MAE,0.3,0.3000309310238169,0,0,512,1,R_AUC_ROC,0.9007
WADI,CP-MAE,0.3,0.3000309310238169,0,0,512,1,R_AUC_PR,0.3733
WADI,CP-MAE,0.3,0.3000309310238169,0,0,512,1,VUS_ROC,0.881
WADI,CP-MAE,0.3,0.3000309310238169,0,0,512,1,VUS_PR,0.3611
WADI,CP-MAE,0.4,0.4000412413650892,0,0,512,1,AUC_ROC,0.8134
WADI,CP-MAE,0.4,0.4000412413650892,0,0,512,1,R_AUC_ROC,0.8993
WADI,CP-MAE,0.4,0.4000412413650892,0,0,512,1,R_AUC_PR,0.3725
WADI,CP-MAE,0.4,0.4000412413650892,0,0,512,1,VUS_ROC,0.8795
WADI,CP-MAE,0.4,0.4000412413650892,0,0,512,1,VUS_PR,0.3597
