Time_Step,Freq_Bin_0,Freq_Bin_1,Freq_Bin_2,Freq_Bin_3,Freq_Bin_4,Freq_Bin_5,Freq_Bin_6,Freq_Bin_7,Freq_Bin_8,Freq_Bin_9,Freq_Bin_10,Freq_Bin_11,Freq_Bin_12,Freq_Bin_13,Freq_Bin_14,Freq_Bin_15,Freq_Bin_16,Freq_Bin_17,Freq_Bin_18,Freq_Bin_19,Freq_Bin_20
66500,1.2558738,0.18592711,0.079819955,0.089065045,0.14092755,0.3037044,0.35130346,0.2987173,0.41034213,0.6272242,0.6665096,0.37560225,0.05779009,0.21778525,0.10642489,0.09716431,0.15732878,0.3279817,0.09193205,0.29711276,0.41928276
66520,0.66468793,0.14533676,0.12973808,0.17798606,0.21674661,0.43401554,0.20385592,0.12446148,0.12631114,0.4824657,0.6091968,0.23486169,0.13337643,0.12922952,0.04019568,0.09195907,0.06672195,0.19339027,0.080910094,0.1232262,0.16395704
66540,0.43951693,0.28699636,0.15244944,0.19593015,0.26164374,0.42564067,0.17898071,0.08208182,0.081146754,0.3952839,0.56060916,0.16770053,0.17193736,0.10741053,0.054934427,0.1266652,0.10363196,0.16443646,0.12382493,0.07896414,0.12482859
66560,1.7032412,0.44676986,0.18828991,0.09513302,0.071428455,0.25034428,0.41128534,0.39562398,0.61343414,0.72777694,0.6492613,0.4579065,0.09680303,0.20967507,0.1628496,0.2063589,0.26785207,0.4182442,0.21185954,0.39259908,0.5907027
66580,0.82172126,0.09417311,0.14724423,0.23566401,0.22609113,0.445277,0.20374736,0.09521145,0.14320229,0.43132812,0.52367747,0.22155905,0.17185123,0.12459446,0.045364395,0.10226054,0.079747565,0.1774597,0.08546615,0.1302194,0.20841841
66600,0.4862866,0.18902923,0.14578363,0.2215418,0.23287307,0.41838047,0.14477842,0.033645295,0.05052714,0.3317886,0.42096922,0.15212044,0.16133839,0.072983265,0.059433203,0.109182395,0.09113114,0.08763849,0.07988061,0.041214824,0.06985212
66620,1.2231578,0.17542425,0.07630581,0.23367754,0.15138829,0.37874538,0.2418675,0.1333612,0.29952243,0.47326383,0.41213268,0.26269764,0.14801751,0.10612281,0.05067436,0.11919957,0.08581858,0.22190374,0.051595487,0.1635947,0.23626861
66640,0.46617496,0.3173101,0.14606856,0.26132298,0.23597589,0.41643864,0.14103399,0.054301582,0.054758105,0.3834468,0.5134027,0.13441078,0.18945113,0.08786732,0.03613342,0.16581644,0.100615606,0.14622603,0.09022287,0.043138456,0.1035235
66660,2.080934,0.60457957,0.3018973,0.17488277,0.6665403,0.57555115,0.26641652,0.13860834,0.09015223,0.27954432,0.8850985,0.05879457,0.36056346,0.30803278,0.17547785,0.47751066,0.14151625,0.13355394,0.3851495,0.14684586,0.3390003
66680,2.0333488,0.7054552,0.25655502,0.06443412,0.6085844,0.444056,0.2633244,0.34370142,0.17925057,0.31666788,1.0377012,0.06374451,0.21847014,0.36701867,0.13280056,0.34605536,0.0698961,0.15587972,0.33280393,0.25802395,0.44529182
66700,3.8918812,1.8266861,0.10293053,0.42290664,0.34662664,0.091896646,0.48413506,0.788825,0.78701526,0.558044,1.0375953,0.3240141,0.08937708,0.39158317,0.19476056,0.17117389,0.43198678,0.4773819,0.07365032,0.74533993,0.94876546
66720,3.1354892,1.5300545,0.0723514,0.54203975,0.20999946,0.12268119,0.41548753,0.81893927,0.53682625,0.4224233,1.1108004,0.16888107,0.25241914,0.45417562,0.32066157,0.24876083,0.5280025,0.39036563,0.06982834,0.6913332,0.7908964
66740,3.509072,1.8928052,0.2666757,0.8278752,0.28145736,0.567173,0.40972787,0.9927959,0.6642687,0.6135358,1.0515308,0.3178466,0.62358195,0.44105497,0.62898535,0.5637094,1.0594383,0.49855897,0.23688357,1.0841147,1.2135537
66760,3.734812,1.9191723,0.40316787,0.88258713,0.25015253,0.58707476,0.48259187,0.9585352,0.70639634,0.6072608,0.9394933,0.41637722,0.6190338,0.36101356,0.7291075,0.5946265,1.0877454,0.5167818,0.39200726,1.0864874,1.094206
66780,3.4111927,1.642123,0.16670303,0.64091897,0.31486475,0.561537,0.27376702,0.7556659,0.3461681,0.48863417,0.81844413,0.07798,0.5562863,0.22370347,0.60417455,0.35089546,0.9933371,0.4621026,0.1983597,0.79683363,0.89041775
66800,3.7580702,1.924411,0.15620431,0.43285784,0.48042613,0.6225962,0.32913008,0.7177225,0.33386973,0.48483825,0.8223115,0.085413754,0.5323488,0.29424363,0.60013545,0.27632818,1.0501459,0.55099005,0.2603347,0.59447503,0.7103252
66820,4.8143864,2.4993446,0.27263746,0.55319154,0.27136594,0.50253564,0.3758928,0.73665774,0.5779791,0.46132872,0.65914625,0.23451115,0.5346562,0.2620327,0.6362279,0.36696538,1.0661463,0.5013554,0.3540879,0.76383525,0.8549189
66840,4.519759,2.3196335,0.24240127,0.5344326,0.38809785,0.6250862,0.38852334,0.7393071,0.4400299,0.5366313,0.90247977,0.14655115,0.6332168,0.37629274,0.66393274,0.36529553,1.1782551,0.5911266,0.3389799,0.72887206,0.80404264
66860,4.1939597,2.2075016,0.24333882,0.49446613,0.45885023,0.6603582,0.3824683,0.78740585,0.50780433,0.5410344,0.8089665,0.19746098,0.5388856,0.33985746,0.6232231,0.3742111,1.102473,0.6020725,0.33642662,0.7574773,0.8644009
66880,3.5520403,1.6884922,0.15295267,0.40542692,0.12849268,0.40677366,0.4993918,0.67064476,0.45273188,0.38101214,0.8947863,0.13918346,0.3149119,0.37272003,0.4845282,0.27886814,0.7540467,0.5012515,0.28643373,0.46795407,0.6026559
66900,2.915241,1.3782758,0.066861,0.23473614,0.10124261,0.21647112,0.30689484,0.49787408,0.22547358,0.29247627,0.8215789,0.07825058,0.23416439,0.26245964,0.33704624,0.15385695,0.59738165,0.35201776,0.16069902,0.25874686,0.3489628
66920,3.6044154,1.6786997,0.08135364,0.26284552,0.10758905,0.25021258,0.3445191,0.56026334,0.29848486,0.3461012,0.8470969,0.07736615,0.30313006,0.29713127,0.39150274,0.15265639,0.730477,0.42682114,0.21688859,0.34613776,0.3789673
66940,3.6819968,1.7926546,0.10783778,0.25705856,0.19435354,0.24534763,0.43351367,0.54380554,0.46585292,0.43542653,0.8903952,0.1553971,0.28970373,0.4482868,0.39696744,0.109370455,0.61893725,0.5515881,0.20322368,0.4473731,0.5085569
66960,2.8317502,1.4362798,0.073928654,0.1982753,0.12379184,0.21791308,0.43654415,0.4669209,0.37114772,0.3640993,0.9213354,0.12670816,0.29312316,0.4865067,0.38986772,0.06605153,0.6301121,0.40322962,0.20332505,0.34943742,0.44530147
66980,2.7452374,1.2868698,0.0817104,0.20134045,0.09592846,0.14201342,0.3514731,0.38923886,0.30865228,0.32770264,0.8454018,0.13566524,0.20699073,0.37923568,0.369455,0.081558205,0.5120645,0.35222855,0.15236714,0.2797986,0.40156358
67000,2.153196,1.068008,0.11867388,0.34424728,0.13887915,0.1634972,0.3504541,0.44870916,0.19342472,0.16207364,0.8757314,0.12321987,0.15976015,0.36187708,0.3775861,0.123889536,0.5282958,0.28240713,0.15388568,0.27730316,0.15553194
67020,3.1311877,1.5754054,0.21415834,0.3603752,0.15822552,0.16160882,0.44196668,0.53340626,0.33988675,0.16145203,0.81902486,0.17606038,0.17634346,0.32974908,0.42529297,0.20838413,0.6373311,0.2923889,0.26261115,0.35133198,0.22249116
67040,3.1265252,1.5361252,0.15054181,0.30723584,0.12113479,0.11008045,0.28922004,0.47863054,0.26817894,0.1832597,0.76912767,0.14066613,0.12769993,0.27491507,0.5235938,0.171191,0.698684,0.33404636,0.1488763,0.39397448,0.23589362
67060,3.111526,1.5869623,0.10431759,0.30860528,0.059570476,0.21993195,0.36319536,0.5849984,0.2646118,0.18734537,0.84784406,0.07637673,0.1756444,0.2660503,0.45468023,0.18335068,0.7438108,0.3354752,0.19439006,0.33713505,0.23969215
67080,3.0505762,1.4671793,0.14375024,0.3390931,0.13678682,0.18015817,0.35405108,0.47239155,0.18929018,0.14534692,0.8442086,0.14213255,0.20427431,0.30330047,0.48143724,0.22966349,0.73209673,0.30733353,0.24026461,0.32086927,0.21032807
67100,2.5063348,1.219074,0.092242904,0.25706047,0.20526168,0.08516902,0.34746432,0.43557298,0.13901614,0.08893042,0.8098211,0.08479198,0.087964535,0.35432392,0.4236686,0.12862296,0.57238865,0.20714843,0.15623182,0.24700445,0.13779081
67120,2.719389,1.3177547,0.12069446,0.3459354,0.19048691,0.071368754,0.3684208,0.47358626,0.24116376,0.13468383,0.86517686,0.1869826,0.10974326,0.39460045,0.48923475,0.13855757,0.5903717,0.2843657,0.19600035,0.35845307,0.20139147
67140,3.3943248,1.6635118,0.2926205,0.71470875,0.052633394,0.40505612,0.47330573,0.860639,0.57151985,0.5041749,0.9787621,0.2723296,0.3561563,0.28677684,0.69578135,0.5928099,0.8312699,0.5656631,0.31969658,0.77628493,0.7957552
67160,2.883075,1.3007878,0.15932882,0.63088495,0.056242235,0.30454904,0.3597426,0.75577426,0.32123664,0.3974033,1.0422529,0.14346983,0.27576116,0.2453646,0.6382998,0.4835042,0.76263106,0.45757598,0.17604037,0.6329899,0.603186
67180,2.6198914,1.186509,0.048583057,0.5967054,0.10434443,0.26206893,0.2838509,0.74215513,0.2488944,0.2910346,1.0251193,0.06476906,0.225019,0.29541034,0.55513144,0.3544396,0.65807164,0.36222577,0.123250574,0.60731775,0.5558265
67200,3.1060386,1.4946727,0.18027161,0.70154124,0.048995525,0.36829248,0.46968848,0.8483759,0.4832842,0.40872753,1.0457587,0.25437513,0.27549472,0.39404824,0.6411938,0.50376767,0.7406973,0.47953624,0.2751178,0.76808447,0.72404
67220,2.801222,1.2783669,0.13632433,0.5768856,0.052578527,0.23762591,0.37721872,0.7736679,0.409269,0.4216268,1.0514672,0.20100687,0.2833569,0.32223177,0.61425513,0.4509661,0.75054556,0.4468445,0.16248265,0.6898713,0.6581733
67240,2.388576,1.1253741,0.056835398,0.51422274,0.14887902,0.19544569,0.35867944,0.7646342,0.3334343,0.40654483,1.0961689,0.145952,0.15132512,0.38446626,0.4560165,0.36903912,0.5748356,0.3877031,0.07579147,0.58787984,0.57717055
67260,2.071293,0.8693831,0.044495627,0.38729572,0.106024705,0.16906004,0.32217768,0.6256679,0.17961457,0.34579468,1.0385207,0.07852509,0.12383218,0.34642315,0.37302366,0.26012176,0.5075638,0.36972755,0.054538395,0.45693767,0.46107796
67280,1.8292568,0.5225073,0.10761131,0.13151708,0.21444938,0.10465281,0.35657364,0.59764546,0.63228226,0.7375453,0.6229887,0.26065135,0.23944612,0.23198915,0.4404936,0.2606984,0.4580361,0.5394252,0.3192028,0.47213542,0.6208075
67300,2.5917397,1.1450593,0.20910287,0.6182463,0.06563722,0.3064575,0.33154073,0.7330604,0.3006383,0.30551022,0.9458819,0.10366614,0.23673174,0.22373591,0.6636744,0.48367396,0.74199957,0.39831302,0.18171269,0.5975157,0.5335253
67320,2.84719,1.2521173,0.16470863,0.62153494,0.07121635,0.28443056,0.25326982,0.76727194,0.30880934,0.32200482,0.8386394,0.050013542,0.25106904,0.1911513,0.6417244,0.41492394,0.7212326,0.37161958,0.18058142,0.6506356,0.54938513
67340,3.2476795,1.5536455,0.22582996,0.56123215,0.026300678,0.26661572,0.33162266,0.7923849,0.5050352,0.39065334,0.80087185,0.13497034,0.25340736,0.21313706,0.60493654,0.4376702,0.7203778,0.4509663,0.22981553,0.6189666,0.55659765
67360,2.5246074,1.0996554,0.16793126,0.5553845,0.1062781,0.24366778,0.2805404,0.725217,0.24609801,0.29291406,0.93804246,0.024744155,0.19524477,0.19092943,0.56144136,0.39765632,0.65659934,0.36727974,0.15473825,0.51748306,0.41036728
67380,1.6930453,0.71954924,0.14995109,0.39553088,0.029066699,0.21504685,0.22126389,0.5230448,0.17921014,0.22922939,0.61795306,0.012908434,0.11657195,0.14520979,0.43959653,0.28974527,0.4590768,0.26679543,0.14488693,0.361922,0.28674164
67400,1.7474694,0.73273295,0.12026703,0.39096773,0.02431354,0.21588822,0.20629072,0.50909376,0.14523533,0.22397313,0.67002887,0.020396626,0.15777357,0.1641756,0.45517954,0.29706046,0.49125868,0.2948988,0.13583915,0.3721472,0.29933256
67420,2.0716174,0.9266177,0.1394476,0.4131978,0.041142393,0.18264003,0.21350223,0.5517903,0.30840454,0.24025741,0.5942091,0.051721092,0.1643389,0.17106089,0.4265102,0.29286507,0.46025014,0.3162077,0.14832498,0.41477543,0.4067921
67440,1.946365,0.82021075,0.09250055,0.37656155,0.052529458,0.16999827,0.23040155,0.4932334,0.13934919,0.21764596,0.6210989,0.046995677,0.08821775,0.10967284,0.4923374,0.33650202,0.5394117,0.29972643,0.12831523,0.4089736,0.30769894
67460,1.8804407,0.7036962,0.07293061,0.33286855,0.046345618,0.12391683,0.1791342,0.4558737,0.13766016,0.23950602,0.6003608,0.021588065,0.096341155,0.08408715,0.4911477,0.263254,0.5070353,0.33642617,0.09758422,0.3815917,0.27392936
67480,2.0741553,0.85355526,0.14567679,0.34718114,0.08469857,0.08361026,0.22833933,0.46967804,0.21933143,0.21644372,0.5533225,0.10463778,0.06047212,0.09791537,0.48903626,0.32482815,0.5015036,0.28478152,0.12108373,0.39306185,0.31261933
67500,2.1198566,0.93340594,0.11159741,0.4101859,0.026259407,0.16543166,0.19842537,0.51359445,0.1966319,0.22716159,0.6028358,0.06582462,0.129148,0.10815395,0.53799075,0.32372215,0.55161774,0.33010444,0.12018075,0.45195377,0.37480605
67520,1.6760076,0.71359277,0.044560947,0.36499083,0.03673741,0.1581527,0.16610731,0.47198814,0.092507355,0.17676511,0.6030795,0.010525022,0.10216279,0.11376072,0.46742687,0.27983543,0.49812683,0.25274208,0.07711446,0.37904957,0.27185172
67540,0.50557655,0.0915403,0.116712905,0.085703894,0.05100424,0.10704685,0.078704834,0.28893477,0.13360088,0.32898235,0.4659926,0.036551397,0.07090719,0.13517329,0.18152218,0.07371364,0.17966843,0.20712227,0.04756662,0.17025211,0.24408464
67560,0.3292989,0.20469093,0.09913526,0.11761151,0.038541563,0.14283387,0.07828119,0.19509904,0.079564944,0.32781848,0.44568342,0.036311686,0.04784062,0.12892437,0.11288367,0.053698547,0.107481346,0.19186413,0.037587333,0.106704436,0.1488539
67580,0.6123872,0.045926962,0.06902694,0.0465958,0.033374257,0.08300533,0.20391631,0.27950728,0.2635774,0.40600932,0.4433693,0.17288649,0.05997647,0.16437015,0.13919799,0.12699817,0.18212582,0.2520823,0.11852124,0.19775575,0.2672944
67600,0.59510446,0.1715409,0.11202351,0.16154855,0.09390342,0.24578233,0.1514392,0.18098262,0.09314104,0.41840512,0.55632204,0.11039653,0.08017468,0.16425946,0.10329307,0.07908425,0.116827,0.2321789,0.05340127,0.12730801,0.1637593
67620,0.50377715,0.24705859,0.13254574,0.2007164,0.17603488,0.3817121,0.15702234,0.21334481,0.12870003,0.5200566,0.66057545,0.17048661,0.11561586,0.16114119,0.07891732,0.08258293,0.091508456,0.20660944,0.07436565,0.12182754,0.17194192
67640,1.0757465,0.08167034,0.08822198,0.13210885,0.11748326,0.28961584,0.2892587,0.28087398,0.33835298,0.61623824,0.65551555,0.31017342,0.08314317,0.2211741,0.14387213,0.11543225,0.19201791,0.36138085,0.11175722,0.27211937,0.34583193
67660,1.399806,0.3100992,0.067273386,0.08979303,0.06622433,0.22978626,0.27223355,0.34530956,0.4151971,0.63564324,0.7038776,0.34538952,0.09368569,0.25459078,0.1354844,0.11977484,0.2439069,0.37451953,0.105666146,0.36857343,0.55466306
67680,0.6679488,0.17569844,0.12604497,0.16121049,0.24241954,0.40964228,0.21817885,0.13605918,0.14288765,0.50005865,0.6453868,0.21692854,0.116885774,0.13647121,0.041270472,0.06592201,0.06412406,0.22062194,0.080759004,0.14377855,0.20826197
67700,3.6406593,1.8115848,0.14382346,0.31937104,0.050690208,0.27356192,0.46920824,0.54038024,0.40629464,0.20555955,0.7650627,0.12278283,0.1114629,0.26999906,0.47659495,0.19613852,0.75479734,0.49709028,0.23471105,0.40542996,0.45409632
67720,2.3375504,0.9154539,0.09673906,0.3786271,0.18318793,0.12416831,0.25471574,0.5338954,0.12683038,0.15954968,0.73966396,0.07606329,0.070324354,0.04404597,0.4448402,0.2251149,0.5855057,0.2750539,0.112076476,0.32567853,0.16158643
67740,2.0291047,0.6996916,0.036369883,0.32880387,0.23496523,0.039263014,0.1769347,0.5105334,0.07984337,0.1324787,0.7114976,0.0811124,0.049910855,0.046015784,0.39040324,0.20382217,0.45198312,0.23050271,0.028970068,0.31218666,0.15276659
67760,2.8712068,1.1276429,0.04757943,0.4284553,0.29727066,0.080280334,0.2305979,0.63905984,0.3249703,0.25169125,0.69601774,0.03441343,0.07450951,0.04020883,0.43047303,0.267124,0.46770516,0.3328492,0.039934687,0.48924196,0.3576272
67780,2.275454,0.83837247,0.13793413,0.3309561,0.2781051,0.1147256,0.13992834,0.6458844,0.11316714,0.14071402,0.7868248,0.13115679,0.08441376,0.11724504,0.37168124,0.15210156,0.4269118,0.23409198,0.113856405,0.40750894,0.29393396
67800,2.6602361,1.0615267,0.029058045,0.43767372,0.26882035,0.03410512,0.18504517,0.5986734,0.16805254,0.16989753,0.7484059,0.04156181,0.04390985,0.05791823,0.4403173,0.2602587,0.5388991,0.2651052,0.023415683,0.48696327,0.30794364
67820,3.0063725,1.325472,0.029836154,0.47925603,0.34910408,0.036827523,0.30575266,0.7296183,0.35615095,0.21359497,0.81387496,0.049285267,0.0355084,0.13196175,0.39583343,0.30898768,0.48804715,0.2755989,0.060813982,0.5350083,0.47487038
67840,2.2462442,0.85267067,0.0274049,0.37745512,0.31021756,0.059730966,0.24441706,0.58307666,0.14376283,0.18360804,0.8638697,0.024140287,0.083427124,0.116684355,0.39060304,0.24949877,0.47337675,0.2779689,0.025459256,0.43015972,0.25033548
67860,2.2702892,0.8371094,0.030469736,0.40349868,0.35192332,0.070880644,0.16608661,0.5613181,0.08117098,0.16161963,0.838559,0.039869614,0.05667869,0.07822699,0.36511904,0.23419872,0.40907952,0.22083655,0.04804966,0.4036088,0.23282199
67880,1.6212887,0.5578806,0.07959265,0.3925991,0.30262625,0.030888434,0.13354285,0.5628848,0.033401474,0.07121242,0.83295983,0.10888043,0.061784048,0.16228689,0.3311918,0.15880924,0.32860798,0.1568203,0.08703349,0.36850435,0.19344108
67900,3.2467046,1.5979158,0.13496007,0.5751674,0.2047502,0.19105092,0.40753153,0.7851446,0.4753858,0.27957442,0.9315174,0.17375477,0.090005904,0.31361622,0.49242875,0.36339235,0.5334332,0.34881416,0.12655497,0.61572486,0.6184866
67920,2.9868088,1.474787,0.11413673,0.5886331,0.06801363,0.3047212,0.34623122,0.79451257,0.3119386,0.31607512,1.0700319,0.109626405,0.2145764,0.32591838,0.5374425,0.42346892,0.6861027,0.3739557,0.1367232,0.63437676,0.6188214
67940,3.3809712,1.66758,0.23671022,0.6726849,0.02134393,0.35510305,0.3887951,0.80868524,0.43403408,0.32274932,0.9887925,0.21954769,0.289493,0.2795401,0.7627862,0.5443465,0.8419659,0.43199572,0.22886021,0.7453541,0.7447638
67960,3.7025068,1.8229102,0.3331394,0.6806929,0.017525006,0.3561799,0.51854444,0.84590244,0.5961068,0.4195868,0.9664443,0.3089583,0.2687108,0.31432477,0.73030746,0.562565,0.8163657,0.4923232,0.33304945,0.74217165,0.76627403
67980,3.6793501,1.7849792,0.24508068,0.67615753,0.0404825,0.25836223,0.3266943,0.8501753,0.50102925,0.3935345,0.8852563,0.15559153,0.32810608,0.21221004,0.66741824,0.44575801,0.79865336,0.40984124,0.20641327,0.7194356,0.63335186
68000,3.0387383,1.4782202,0.11449618,0.6050032,0.11846531,0.25463277,0.32001498,0.73867196,0.27983242,0.23151983,0.90650517,0.06363844,0.18472086,0.20814206,0.5981077,0.4180296,0.6676462,0.32250023,0.1397808,0.5703138,0.50061685
68020,3.472158,1.6850225,0.26977625,0.6590301,0.059926476,0.34789014,0.40643883,0.80288744,0.4507299,0.3625721,0.95149744,0.1776303,0.25138447,0.25828984,0.6576675,0.5254172,0.77894855,0.44798326,0.21931997,0.6796663,0.6920873
68040,2.6021502,1.2486482,0.13130192,0.4999057,0.08632326,0.22822793,0.2704342,0.599528,0.27900305,0.23326832,0.7423881,0.08033472,0.16589613,0.20072438,0.5091053,0.36455747,0.56643474,0.28986079,0.13577402,0.49982423,0.45254746
68060,3.0754824,1.4501868,0.20315026,0.58850724,0.11734038,0.25844795,0.35844576,0.76209646,0.37033057,0.31562927,0.92471606,0.10029968,0.20215055,0.23263296,0.57552004,0.42752862,0.6753849,0.34699363,0.14837621,0.5666716,0.5323426
68080,3.3144178,1.5835798,0.16777691,0.6254657,0.14247598,0.21973464,0.33611974,0.7842096,0.3950606,0.28687742,0.90503705,0.13724983,0.21054225,0.23489891,0.61006874,0.433066,0.6983009,0.3430391,0.13132605,0.6449261,0.5450359
68100,2.8905122,1.3478345,0.13276139,0.6092293,0.09275966,0.28695682,0.30164436,0.7418579,0.21940632,0.2670688,0.9897635,0.05593165,0.24987443,0.2356283,0.62800246,0.45261666,0.7274924,0.32796535,0.15513669,0.5841965,0.48352602
68120,3.0087316,1.4540155,0.15927862,0.6396791,0.05968969,0.29546726,0.31889254,0.8052718,0.3508505,0.28934,0.98503315,0.13483036,0.24032018,0.28269425,0.6887079,0.47524917,0.73155355,0.3609418,0.17307077,0.6600583,0.6163282
68140,3.9514637,1.9971449,0.31279606,0.7755696,0.014603029,0.37284493,0.5060868,0.91263604,0.7032273,0.46777162,0.9677597,0.30817327,0.35345748,0.35045865,0.6913326,0.5210562,0.8197765,0.5241027,0.3416163,0.82692844,0.84212077
68160,2.9448793,1.3861643,0.21574132,0.641675,0.07974986,0.2826458,0.4298697,0.7792765,0.41842002,0.35086104,1.0417818,0.1625648,0.21413219,0.27961856,0.64727855,0.4767859,0.7209763,0.4321121,0.19220454,0.6022103,0.6090829
68180,3.2271168,1.5139811,0.18194546,0.63147956,0.054003056,0.287931,0.34821445,0.7687253,0.32407477,0.3008476,0.96121824,0.12837574,0.24490282,0.26662412,0.66720504,0.4756978,0.7667167,0.40204075,0.1907926,0.6475276,0.5781682
68200,2.567229,1.2403663,0.17446479,0.48681027,0.07406917,0.22896232,0.30167773,0.6221286,0.34276542,0.2643131,0.70139986,0.11399955,0.16542563,0.18595582,0.47706953,0.34512332,0.5393495,0.2953892,0.14911692,0.4983242,0.47137764
68220,2.8639011,1.314032,0.13209276,0.5527863,0.08984691,0.3121565,0.30324256,0.7208732,0.21335952,0.26066256,0.94839364,0.030058442,0.18497595,0.2478071,0.57337266,0.38556096,0.6592939,0.33497602,0.14207125,0.5286515,0.5171397
68240,1.7529438,0.5337291,0.13749515,0.18547796,0.36267212,0.25004405,0.20169115,0.6144115,0.29807153,0.5519828,0.74793154,0.08776073,0.24198478,0.20312825,0.56439763,0.22954366,0.620176,0.54195046,0.20859632,0.45812714,0.6311512
68260,1.8624324,0.52185243,0.07473638,0.28478777,0.23597805,0.26514164,0.21119107,0.6484174,0.23510659,0.57277787,0.8333127,0.06345669,0.23086043,0.16331999,0.6352452,0.3178914,0.68267584,0.56942725,0.16239895,0.47975567,0.54168016
68280,2.4432087,0.8857569,0.16319643,0.29441723,0.19590734,0.21552914,0.2522926,0.6416572,0.42910007,0.5993896,0.63952714,0.13372873,0.24728522,0.121979095,0.5542017,0.32792905,0.65464985,0.52563834,0.27638158,0.5150818,0.54905427
68300,1.7719814,0.50504225,0.091845736,0.32003418,0.19136451,0.25000462,0.23795822,0.65876037,0.22480687,0.52586085,0.85618186,0.07571487,0.23189121,0.17626049,0.6278962,0.34523657,0.65231615,0.514263,0.19181395,0.48291096,0.45219484
68320,1.8304121,0.5450035,0.10277085,0.36228254,0.16897096,0.2600855,0.2670728,0.71084666,0.30476034,0.5251232,0.8505547,0.09230904,0.24083818,0.23106144,0.6121208,0.35673732,0.6478382,0.5002052,0.20408066,0.54421824,0.5537676
68340,2.0728533,0.77231574,0.16887535,0.4200414,0.13128324,0.24569559,0.34695593,0.8105306,0.4978154,0.6060911,0.92882955,0.20553507,0.24639355,0.25646713,0.6255136,0.467842,0.6647828,0.5474553,0.25118452,0.5997943,0.64130163
68360,1.4438741,0.35376173,0.09582478,0.36423144,0.12386953,0.22810258,0.32369563,0.7550482,0.32918745,0.59514755,1.0187508,0.121748984,0.21661411,0.36039436,0.55625874,0.35112718,0.6075437,0.52644366,0.19053411,0.5458699,0.59847575
68380,1.1105977,0.3005028,0.056141164,0.33977342,0.051060718,0.08745846,0.2346251,0.68139744,0.21747294,0.44016358,0.948495,0.07096921,0.1647952,0.25442827,0.39851403,0.30200213,0.47652844,0.32521096,0.06284177,0.44005492,0.39794946
68400,2.611144,1.0664122,0.12406972,0.44235107,0.08007601,0.21497287,0.35573614,0.9272091,0.6573675,0.71266437,1.0126592,0.2509729,0.28931656,0.36397266,0.48601097,0.42731133,0.6527035,0.61272395,0.23710296,0.7515944,0.8729886
68420,1.1358232,0.2962342,0.12184238,0.19211258,0.09979502,0.077295296,0.23119217,0.6649967,0.21515422,0.49234295,1.0681047,0.102891006,0.10856569,0.39395028,0.2872499,0.20016573,0.4073811,0.37683055,0.05400124,0.42643872,0.463515
68440,1.2307743,0.2644578,0.13016294,0.08936915,0.25326285,0.20679817,0.2531793,0.50496525,0.16674428,0.49414966,0.98692876,0.11260862,0.052096356,0.34715936,0.12928812,0.09831821,0.23514667,0.2842825,0.09393096,0.30684048,0.3679116
68460,1.7722324,0.62009466,0.09989711,0.13120265,0.3360002,0.29185885,0.4719327,0.597663,0.50024873,0.66466284,0.93617225,0.35336673,0.074876375,0.39735594,0.10498716,0.13643062,0.2267863,0.335161,0.043837402,0.40451324,0.4706643
68480,1.249626,0.30341992,0.16773368,0.14261498,0.32113662,0.3533426,0.2149684,0.2805882,0.12917408,0.4022669,0.76580495,0.16468123,0.17893493,0.28434333,0.054231577,0.11954242,0.11203437,0.19410035,0.19824217,0.21546799,0.316451
68500,2.5044594,0.9923733,0.06146621,0.07877517,0.32163006,0.33690685,0.42690083,0.47888705,0.5247186,0.6118446,0.9190897,0.4435961,0.073501475,0.39418224,0.11351027,0.10904097,0.27146026,0.3349439,0.07643294,0.47631323,0.755652
68520,2.3856459,0.8187017,0.08168438,0.13180819,0.27624786,0.35089052,0.41834614,0.35123852,0.40173355,0.62081546,0.8159862,0.4027371,0.12559617,0.32623518,0.08440947,0.100131504,0.23172422,0.39229026,0.055708103,0.41096032,0.5823163
68540,1.3073491,0.3301366,0.15902893,0.20147648,0.41965243,0.50761545,0.28139067,0.15286578,0.116185665,0.42493078,0.7009738,0.24244563,0.27250972,0.22731729,0.11156473,0.16873772,0.11248025,0.13627256,0.22017363,0.14166248,0.20468101
68560,1.0768617,0.2230355,0.21628492,0.22835636,0.38424918,0.5022145,0.20437287,0.10109192,0.08875962,0.37548465,0.62032825,0.1875679,0.28784803,0.18978536,0.15029313,0.2140047,0.14724717,0.09531431,0.2493689,0.09749897,0.14984821
68580,0.9965335,0.16187827,0.1337903,0.25175998,0.27663827,0.4353386,0.20980471,0.092500165,0.11604714,0.3761846,0.5303346,0.22381479,0.22399962,0.14628403,0.065964215,0.14313488,0.09495017,0.1328547,0.10977536,0.12317108,0.21748632
68600,1.8367912,0.6047298,0.09951925,0.07216733,0.23861852,0.32158774,0.3989697,0.33203596,0.4711106,0.64395493,0.66567177,0.43473506,0.10485629,0.28430417,0.10073598,0.095334955,0.18990377,0.33325723,0.117091686,0.35248727,0.48727986
68620,1.0987711,0.16069417,0.14579459,0.18937041,0.33018938,0.46532428,0.2942455,0.14808138,0.13174973,0.47640172,0.76748997,0.27866474,0.1848615,0.25767583,0.0490413,0.11116582,0.096351676,0.20013076,0.113170184,0.18708026,0.3078671
68640,1.120733,0.19547331,0.090762995,0.13626534,0.3486091,0.4570624,0.30639088,0.2185056,0.20089069,0.5410505,0.8085665,0.31851548,0.1775022,0.2691603,0.05191398,0.081974626,0.1034543,0.23173307,0.11993924,0.2370514,0.37131268
68660,1.4046298,0.32199696,0.096203506,0.07199901,0.17835633,0.29521492,0.41341564,0.35650367,0.43681183,0.6510329,0.7949227,0.45354477,0.060977213,0.33372277,0.10971936,0.15780923,0.21020526,0.34887132,0.11262241,0.38230577,0.50245494
68680,1.1370548,0.21784104,0.09949095,0.15060508,0.32514948,0.43128645,0.30438858,0.2046877,0.18077405,0.55608994,0.8193637,0.31007558,0.16747698,0.28980413,0.06436291,0.075263396,0.13287656,0.268221,0.1345694,0.23510411,0.3460405
68700,1.3705534,0.32446924,0.08063653,0.090098545,0.25675678,0.3544766,0.3423779,0.27519712,0.2773151,0.61022645,0.8043781,0.42537597,0.11048157,0.30149645,0.074012674,0.14408252,0.23036861,0.3003414,0.09533372,0.33504096,0.42553192
68720,1.6379931,0.43803018,0.061058257,0.17069773,0.28451827,0.46763027,0.33232597,0.23443152,0.3820726,0.58043873,0.68833566,0.3933534,0.12004518,0.22693734,0.03444977,0.084048465,0.10440393,0.2583664,0.049969863,0.2762087,0.4266632
68740,1.0390849,0.1583097,0.12800723,0.19941643,0.3475044,0.44969928,0.24821079,0.15177453,0.08719987,0.47927374,0.77996886,0.2402092,0.20076875,0.27642322,0.07722393,0.1055835,0.075278595,0.1671177,0.1458291,0.1593119,0.23055814
68760,0.7784442,0.11546302,0.06500088,0.060726468,0.24453631,0.27939183,0.31323022,0.40514073,0.22682999,0.6253824,1.0147245,0.28148845,0.08712099,0.37144786,0.101599194,0.15897602,0.2434594,0.32234818,0.089813784,0.30308592,0.3983765
68780,1.5727328,0.44300833,0.051070634,0.17716634,0.084822826,0.08078824,0.29884604,0.6945588,0.5047994,0.6679424,0.9687529,0.2534992,0.17876932,0.39380765,0.34567505,0.23835729,0.46397954,0.4301652,0.15447098,0.5494448,0.6455569
68800,1.1971072,0.28979668,0.08123555,0.22943489,0.13720642,0.103226565,0.23792312,0.63481486,0.24356212,0.57542264,0.966219,0.09466752,0.19239292,0.33691758,0.43417755,0.2602687,0.4997329,0.46417135,0.15588284,0.47047025,0.497021
68820,1.2015772,0.2629778,0.05597439,0.24917953,0.17188554,0.19406533,0.2471467,0.6236365,0.24447879,0.53011733,0.8470256,0.061558116,0.21356235,0.23743734,0.4987386,0.30959857,0.5488252,0.43295142,0.21227834,0.4246248,0.4184433
68840,2.4355717,0.76787746,0.038331844,0.16346632,0.29004553,0.19436641,0.249148,0.6378552,0.35916352,0.6241387,0.6654618,0.07587206,0.2116546,0.108951196,0.5812568,0.28060347,0.62704194,0.57193863,0.28561535,0.45387408,0.53135335
68860,1.7225496,0.31895402,0.12853621,0.18417867,0.31383252,0.06823199,0.17930982,0.37782773,0.10809173,0.48399952,0.5174538,0.11737172,0.084758416,0.06907006,0.44740877,0.04910458,0.41686848,0.47645935,0.17866679,0.09226214,0.16553274
68880,1.0779778,0.2606778,0.15615432,0.25557563,0.20629922,0.08441036,0.11780834,0.21134795,0.04892325,0.37720397,0.46229157,0.10664966,0.0726006,0.15549609,0.33693615,0.14941421,0.25612828,0.29660878,0.11952135,0.09045761,0.13261041
68900,0.62609535,0.32899237,0.16042669,0.24999452,0.19396174,0.09691683,0.12385995,0.13608898,0.11913835,0.33036363,0.49348313,0.041759595,0.043926604,0.21564399,0.37991643,0.14950146,0.22589591,0.23819366,0.09587383,0.10197773,0.17564224
68920,2.8995633,1.2962887,0.067149304,0.33321434,0.22754274,0.07708945,0.39032042,0.48813555,0.27815333,0.09399848,0.7682815,0.084641084,0.08390515,0.30116233,0.53090453,0.162116,0.52282894,0.3158684,0.21929799,0.32910037,0.29928166
68940,2.305618,1.0002383,0.051101167,0.2815725,0.22628792,0.08350579,0.27415097,0.4293022,0.10510878,0.12637508,0.8015944,0.05003834,0.09758033,0.2962133,0.5322386,0.14828812,0.5532624,0.28149214,0.22736612,0.27711478,0.115442865
68960,2.0203352,0.9221139,0.06744103,0.24444072,0.12883061,0.10570985,0.31505594,0.35993984,0.13005838,0.13276057,0.7240742,0.11590679,0.12489771,0.33476767,0.39012575,0.12029954,0.47657302,0.28710154,0.17854612,0.27304924,0.16148114
68980,3.1025717,1.479276,0.08521391,0.39439377,0.14439973,0.13998626,0.40229872,0.57921505,0.38571087,0.22792941,0.82394546,0.16777219,0.15181506,0.37778425,0.4607376,0.13674729,0.5710813,0.37882468,0.25866437,0.4577831,0.32962313
69000,2.1140451,0.9580413,0.07078792,0.24836144,0.16517958,0.1046685,0.32529178,0.3640821,0.09122299,0.13904645,0.8715377,0.10485171,0.17026974,0.37599722,0.42589462,0.13141614,0.5766953,0.28299856,0.18846147,0.26795745,0.118321374
69020,2.6136012,1.2972282,0.120782316,0.32975373,0.15406398,0.12666257,0.37984905,0.43596128,0.2557041,0.1842363,0.86546695,0.19269042,0.1999954,0.4062852,0.4194244,0.1406013,0.5959516,0.2976098,0.2495467,0.38484403,0.21735407
69040,2.9767876,1.5401591,0.111723304,0.30803657,0.08965952,0.13430405,0.44132638,0.44093394,0.34076846,0.19670762,0.8476493,0.2747595,0.23039196,0.4258566,0.41189292,0.13290793,0.62278897,0.34934482,0.24726576,0.4163652,0.2837313
69060,2.675509,1.393136,0.12388875,0.31659332,0.08399533,0.207465,0.44377607,0.49313533,0.24949552,0.19085102,0.9447233,0.13114488,0.22253022,0.31592062,0.40002805,0.2419008,0.7236647,0.3793555,0.27654472,0.32288444,0.2599256
69080,2.46985,1.1295477,0.04918693,0.28843504,0.21415468,0.062176187,0.33091444,0.4870081,0.14881541,0.07784246,0.8447253,0.019126592,0.07207599,0.20397452,0.34266028,0.16812912,0.5743243,0.24222314,0.13561147,0.23853767,0.12777995
69100,3.7500176,1.7977533,0.2137509,0.40932283,0.119228706,0.2222731,0.45784152,0.5963015,0.37314332,0.22390199,0.75017494,0.12402095,0.13012311,0.16203113,0.4914746,0.35067183,0.7651306,0.41258284,0.28200325,0.44472462,0.38108248
69120,2.8496187,1.3007666,0.07819314,0.3414028,0.12309958,0.20954785,0.36675423,0.56003326,0.15902947,0.16148338,0.8289937,0.05040961,0.11178097,0.19268633,0.45242476,0.2528784,0.69530517,0.37226295,0.18879569,0.30185422,0.19852027
69140,2.4370654,1.046924,0.04405132,0.24663909,0.22135139,0.07633688,0.278056,0.44727924,0.037595246,0.07599961,0.7720213,0.058056585,0.033660486,0.123302616,0.35903722,0.16051462,0.54828054,0.23364425,0.08845246,0.18406455,0.07542325
69160,3.2712758,1.5191181,0.17438954,0.40065902,0.11259662,0.2289495,0.41268992,0.54298806,0.2333977,0.17346519,0.78415763,0.11478793,0.13457036,0.22022834,0.46775052,0.2965601,0.7276674,0.38630486,0.27714372,0.4005624,0.2931955
69180,2.8237476,1.3219827,0.11364209,0.3198874,0.11542061,0.15268266,0.30204794,0.49768355,0.1509831,0.11450369,0.76828426,0.030308144,0.1344973,0.16437203,0.414848,0.20639108,0.6670016,0.2748286,0.17132604,0.29324493,0.1661561
69200,2.6899617,1.1496503,0.041288476,0.3116727,0.18319415,0.09704803,0.37149453,0.5276288,0.11490787,0.07712496,0.8348882,0.08536935,0.061339244,0.14099307,0.36766702,0.17038544,0.6178329,0.3035548,0.11228877,0.23410964,0.1384779
69220,3.2280428,1.3315675,0.19473161,0.40796348,0.25183946,0.050260086,0.36469516,0.54782414,0.33658335,0.18899295,0.6244222,0.053723216,0.057183933,0.027029289,0.4648505,0.31154516,0.6169679,0.34980562,0.21262334,0.42403945,0.27025613
69240,1.7538152,0.45656204,0.042106625,0.23242624,0.28272566,0.10658219,0.1754333,0.33538795,0.034736175,0.033061795,0.53783506,0.12824257,0.13660392,0.059327833,0.36168763,0.1456529,0.34773222,0.19289407,0.058011446,0.18210956,0.06361007
69260,2.8205917,1.0068028,0.025729204,0.29786998,0.11359279,0.21392575,0.28498662,0.57555115,0.2275128,0.3811018,0.77146083,0.021099929,0.10613435,0.15390413,0.62825346,0.20377369,0.69730514,0.5539649,0.13018143,0.4731327,0.43250751
69280,2.4143865,0.86055875,0.02516252,0.29568222,0.16876939,0.038728405,0.17238893,0.56118613,0.114949234,0.24277419,0.7226163,0.080724254,0.011509982,0.059104625,0.42732143,0.20941868,0.5093086,0.2997043,0.018693464,0.34115314,0.221034
69300,2.5460432,1.047194,0.051092338,0.37710398,0.08227662,0.14153665,0.24042845,0.6585707,0.30423328,0.30648017,0.7573701,0.013937353,0.06147121,0.1788499,0.41452214,0.26761696,0.5105152,0.4093661,0.07017255,0.46406177,0.4484448
69320,2.3357153,0.9131015,0.020138992,0.34548557,0.1768,0.08731892,0.18327226,0.6584523,0.090305455,0.27919802,0.8737082,0.1229028,0.07621556,0.099963516,0.42659855,0.29590505,0.6013109,0.32660988,0.011869294,0.4217713,0.3256117
69340,2.593549,1.0870899,0.0330648,0.43045732,0.13959917,0.10772833,0.19720754,0.6998754,0.22742811,0.3119451,0.830968,0.025599398,0.06662225,0.096149206,0.54792124,0.3440031,0.6275899,0.3458457,0.04506899,0.5262804,0.3911342
69360,3.6591406,1.6998576,0.25250906,0.61198795,0.020154787,0.28180557,0.46032804,0.82470554,0.6144931,0.49125123,0.84564203,0.27284607,0.18736702,0.28173012,0.53513145,0.42671898,0.75778955,0.5618999,0.30121806,0.79371715,0.8252727
69380,2.0944695,0.7390156,0.044169657,0.33127055,0.23821506,0.024902776,0.19424358,0.6085556,0.12708496,0.24716908,0.8238518,0.030510494,0.021998446,0.15189758,0.3739763,0.23326214,0.49637848,0.28566903,0.042341173,0.44203308,0.34132314
69400,2.2609963,0.8577206,0.035958596,0.47465593,0.1914193,0.12628464,0.23531687,0.6718356,0.13111602,0.26448494,0.96750516,0.025902655,0.08893216,0.22557263,0.47066674,0.35891473,0.6027417,0.3579179,0.01233435,0.5178676,0.4054069
69420,2.9103906,1.3228928,0.16077727,0.6262455,0.14938866,0.22540374,0.33701846,0.7941874,0.42456374,0.32040876,0.92071706,0.11219081,0.20126866,0.28130382,0.57770014,0.4104736,0.63222873,0.40224046,0.15224922,0.63757044,0.5787749
69440,2.8879364,1.2794615,0.22888054,0.610704,0.12432351,0.24856791,0.33377156,0.74080914,0.3246824,0.30221623,0.89311504,0.13100229,0.21828209,0.20614697,0.6957166,0.47999072,0.72724545,0.36022526,0.19078022,0.61209834,0.5022004
69460,2.4881482,1.083638,0.19445471,0.5833892,0.099835314,0.26037186,0.3167818,0.71855515,0.24064568,0.31898853,0.9784989,0.09562196,0.21003576,0.21065316,0.64741313,0.47421733,0.71287555,0.37728357,0.14925797,0.5424591,0.45411825
69480,3.5849411,1.7343289,0.2699274,0.7224714,0.06462192,0.32582742,0.42837664,0.85110414,0.54837584,0.40056995,0.90835273,0.20762284,0.25423312,0.27630875,0.65562266,0.52326614,0.7651214,0.48089036,0.27959546,0.7495734,0.7604687
69500,3.1020257,1.3772702,0.20187613,0.64537597,0.024674779,0.27759176,0.36638772,0.7545301,0.3304213,0.35339922,0.8836362,0.17268571,0.18878882,0.18217665,0.8298886,0.56155056,0.8435829,0.50391614,0.2809948,0.6915471,0.53898346
69520,2.2407112,0.96818584,0.12863058,0.44601232,0.039751824,0.17935702,0.2523064,0.5690893,0.20110363,0.2738003,0.70730776,0.11768712,0.11827349,0.10059158,0.6103649,0.41753381,0.64715356,0.35380274,0.17542425,0.51117706,0.40754822
69540,2.4034894,0.88968265,0.019539384,0.41992512,0.09649191,0.09164284,0.21534894,0.5772626,0.09107225,0.19710581,0.75891787,0.03717388,0.055658035,0.083813764,0.64495665,0.30329204,0.6364356,0.3602125,0.062224727,0.45535722,0.2846485
69560,2.9181666,1.2467442,0.183354,0.4879713,0.04610647,0.1753973,0.30412182,0.6904048,0.3203603,0.3329831,0.75705606,0.07130301,0.14354289,0.095091976,0.6793837,0.41950476,0.7310351,0.42398298,0.17860319,0.537115,0.36742488
69580,2.0575473,0.7560222,0.08934494,0.39127648,0.08911226,0.14246209,0.2276017,0.57198185,0.095552,0.20517743,0.80483896,0.06910378,0.12044819,0.1102004,0.5903465,0.3211877,0.6156999,0.33290163,0.12289798,0.3872931,0.23652427
69600,2.0336926,0.71805155,0.016921788,0.36778182,0.1642703,0.062302243,0.23272882,0.60894203,0.07129948,0.2435685,0.89715356,0.05310404,0.019438798,0.12722786,0.5398403,0.3643833,0.60474974,0.36216804,0.030815424,0.4113317,0.30261305
69620,3.4634774,1.4854082,0.1749844,0.5078818,0.16937879,0.08931779,0.38093948,0.768873,0.52176315,0.40438083,0.7980884,0.19201022,0.08295132,0.19595577,0.4603406,0.3698867,0.64332044,0.47794533,0.16239318,0.6815102,0.5994932
69640,2.1335957,0.8114166,0.018221796,0.37275842,0.09806804,0.07783363,0.2927535,0.66987354,0.18972176,0.32323048,0.9734158,0.026489306,0.052775238,0.2904875,0.47954342,0.34146976,0.6092308,0.44126555,0.019148061,0.5109798,0.42257825
69660,2.356268,0.98881733,0.08167082,0.50475705,0.1354024,0.17535299,0.3276161,0.73619777,0.24716291,0.3437437,1.0603329,0.08789008,0.17253835,0.322736,0.47429425,0.3970404,0.6227831,0.4237747,0.09099382,0.57555336,0.4641488
69680,1.728438,0.721674,0.036840614,0.37246963,0.22418016,0.051523052,0.26090077,0.6522605,0.17155056,0.25407344,0.9941109,0.033590995,0.05343471,0.32332683,0.32493195,0.26488158,0.41241944,0.30098918,0.019647468,0.4083103,0.34421867
69700,1.4555078,0.29156286,0.09588719,0.13416135,0.11393415,0.12658842,0.20198852,0.5199969,0.43185672,0.5901791,0.62062865,0.12403054,0.09835742,0.19226472,0.3249093,0.15635523,0.30415764,0.43557885,0.15503435,0.3537826,0.48889428
69720,0.37448305,0.39921916,0.1832453,0.21495537,0.06800764,0.2417155,0.15075204,0.37820205,0.15099698,0.47175223,0.68532354,0.09007364,0.11524762,0.2020753,0.2546335,0.15082182,0.21823642,0.30766547,0.08983613,0.18477033,0.22530381
69740,0.82747006,0.111856066,0.1197299,0.17597145,0.053794395,0.21952936,0.19161524,0.40614188,0.26293036,0.5808734,0.6737256,0.117125385,0.08484738,0.20561375,0.17958523,0.11729988,0.211916,0.37295654,0.07551409,0.23768607,0.3050006
69760,0.45580086,0.37892663,0.18771428,0.3007632,0.16282359,0.37213472,0.081947334,0.115157485,0.07718657,0.35692045,0.47219592,0.048649635,0.17937781,0.0955837,0.06834188,0.15053555,0.093229786,0.15273848,0.096474,0.05404784,0.113729015
69780,0.48363936,0.27582762,0.13643916,0.2065062,0.2582787,0.37431875,0.15872549,0.16691414,0.09770347,0.3785255,0.6030878,0.16811983,0.1747984,0.16491859,0.06701378,0.0842349,0.090824924,0.14560948,0.12781608,0.09997161,0.14223689
69800,0.7345426,0.15395644,0.09798538,0.17062165,0.18979816,0.3683131,0.34273797,0.31407058,0.32370242,0.62717855,0.66267824,0.3304424,0.10982107,0.2349528,0.10365364,0.15530272,0.11062776,0.2710256,0.079514556,0.17851543,0.23601344
69820,0.5900811,0.28800225,0.16788764,0.26533505,0.24964666,0.4614934,0.16817333,0.08735457,0.09361553,0.41575,0.5040653,0.13602439,0.2185315,0.106216714,0.07003993,0.14562403,0.15367363,0.15432438,0.12844129,0.0709276,0.14137119
69840,0.25101334,0.5316895,0.17381194,0.25449488,0.28656018,0.46929553,0.1570771,0.07550496,0.110895224,0.35720995,0.51480424,0.12983212,0.24646328,0.111426875,0.05364755,0.13455305,0.16735882,0.11289271,0.1597215,0.080076195,0.18712033
69860,0.25277945,0.4412339,0.21807802,0.24688683,0.3381273,0.50666857,0.15360512,0.07141714,0.1650323,0.32685426,0.5442114,0.113209195,0.26377943,0.11596036,0.06355102,0.16321886,0.2038112,0.07838413,0.20159543,0.09850567,0.20721744
69880,1.599533,0.4956572,0.20075111,0.10458261,0.09637127,0.25310627,0.45071223,0.4355617,0.6193058,0.7482693,0.7200083,0.53064436,0.060081728,0.27544832,0.17833017,0.29755563,0.2583752,0.4149215,0.17950283,0.41719934,0.5708988
69900,0.6919937,0.17211847,0.19163294,0.2553829,0.28741962,0.50079894,0.12841636,0.064520046,0.08018361,0.3561923,0.44104305,0.13644056,0.22322585,0.10065213,0.092688836,0.21120465,0.19719258,0.093124695,0.16114508,0.05734527,0.14251338
69920,0.7708964,0.18362649,0.1153288,0.15411288,0.34219143,0.43615198,0.24778418,0.13865265,0.13061845,0.43658656,0.5788734,0.24776486,0.19043912,0.18884756,0.06862276,0.07934213,0.05895186,0.14854385,0.10172177,0.14359324,0.19581303
69940,1.0473084,0.14805247,0.065896645,0.19373314,0.18264872,0.365014,0.24524981,0.15973039,0.26326737,0.4972381,0.4777606,0.24374199,0.09670656,0.12547049,0.044833258,0.06750711,0.06860337,0.22602642,0.04467183,0.12658812,0.19795777
69960,0.6652373,0.17320858,0.1501178,0.22236891,0.177957,0.32491052,0.16686288,0.21625769,0.13124728,0.43771082,0.6396454,0.14441097,0.1406305,0.19458304,0.05704447,0.10598682,0.10473006,0.19380097,0.1001698,0.13841414,0.21764667
69980,1.223026,0.25783384,0.12494412,0.16540664,0.13336204,0.1250588,0.2965441,0.5973102,0.46131998,0.6832365,0.8351108,0.24190114,0.22343348,0.31545436,0.3384981,0.27723268,0.4276514,0.4818189,0.22711703,0.42410558,0.5398863
70000,0.7253348,0.19113083,0.13621241,0.10696643,0.13808647,0.10940798,0.17512548,0.41436926,0.16850282,0.51094925,0.715488,0.060753293,0.11731771,0.22861488,0.35527173,0.16593646,0.323063,0.37946817,0.12066267,0.25853482,0.30837616
70020,0.7502856,0.2003167,0.09111048,0.10541329,0.16154854,0.094511524,0.17945705,0.45366028,0.14573874,0.50890326,0.7768128,0.061624892,0.12848179,0.20806092,0.5057332,0.21309435,0.38717616,0.4414097,0.13439006,0.27208018,0.30340496
70040,2.321828,0.94505274,0.18577641,0.5579563,0.2279182,0.11908591,0.3886865,0.6307027,0.27671012,0.20921426,0.8809494,0.1166532,0.083676964,0.17748323,0.48903948,0.39121997,0.56088114,0.28930643,0.14341651,0.51273423,0.4087052
70060,2.3494353,1.0167563,0.2046412,0.54941237,0.1631122,0.23302726,0.41711515,0.6485291,0.2135207,0.19320013,0.8997894,0.09225483,0.12366724,0.23138314,0.5366979,0.45286754,0.6290023,0.3278328,0.19991603,0.50591743,0.3895239
70080,2.904271,1.1975436,0.1770025,0.44600815,0.10846724,0.27327627,0.3944036,0.6047949,0.14383924,0.19433442,0.90641344,0.04273084,0.1651933,0.20058817,0.50426817,0.38322556,0.6788153,0.40295547,0.19306266,0.36620316,0.3172918
70100,3.1531954,1.4706987,0.24044184,0.4799293,0.05582321,0.37560108,0.49659342,0.7206336,0.3759099,0.2902264,0.8995366,0.061926886,0.22699265,0.27543864,0.53249025,0.38856977,0.75308937,0.48257703,0.3189017,0.43743727,0.46932617
70120,2.4656568,1.0852306,0.17670272,0.382017,0.11045696,0.22888035,0.3950391,0.52860516,0.15421188,0.1354206,0.8245454,0.0359971,0.10929996,0.195929,0.4266397,0.31302926,0.6117884,0.32222536,0.17598562,0.27648485,0.24617505
70140,3.807277,1.7971754,0.29075643,0.49661905,0.04221269,0.349817,0.5537402,0.74980426,0.48986995,0.37204382,0.84513116,0.14485905,0.1825301,0.25381792,0.52733576,0.4430081,0.77794826,0.5419583,0.35909837,0.5307594,0.56418693
70160,2.9037657,1.3745936,0.16329232,0.42182973,0.060132645,0.37338662,0.4530766,0.6880172,0.23276359,0.2501017,0.9920042,0.037957933,0.19039963,0.33218628,0.4470913,0.3226243,0.7236562,0.43506688,0.20799538,0.38717756,0.35272676
70180,2.8372583,1.3945727,0.14643727,0.38616484,0.111778766,0.38794738,0.4725577,0.6929453,0.25943288,0.32181823,1.0619615,0.06460877,0.28623825,0.39348024,0.44373363,0.3362176,0.76214695,0.4737801,0.22704211,0.40786162,0.3475155
70200,2.7959723,1.4322337,0.05896731,0.30858824,0.07353048,0.21383764,0.4973406,0.53596675,0.328245,0.3377195,0.9839721,0.2116546,0.22116686,0.57412446,0.34720033,0.06391635,0.47348514,0.45825693,0.19155599,0.4621478,0.33597514
70220,2.0195367,1.0412799,0.07263346,0.31102833,0.045353334,0.22366928,0.4680766,0.48811942,0.20085068,0.30033827,1.0681612,0.2179153,0.25965983,0.58239603,0.3889433,0.15282393,0.5244293,0.37768367,0.19217971,0.3540515,0.2246995
70240,3.3486114,1.7301127,0.23266403,0.5099946,0.07576852,0.3753971,0.59123385,0.633257,0.49898332,0.39547092,1.0646703,0.32918027,0.35910836,0.57634073,0.53944266,0.25922668,0.7630554,0.5453386,0.3579839,0.59875023,0.5306783
70260,2.8102167,1.5042809,0.17438695,0.40136555,0.09567212,0.3234844,0.5124546,0.62649775,0.32331195,0.33368284,1.120194,0.30235395,0.3394752,0.5394102,0.42515117,0.2860255,0.734809,0.4503889,0.272681,0.45242706,0.35110435
70280,2.3183541,1.1946212,0.13529687,0.3399427,0.048230767,0.23793472,0.4482286,0.50351954,0.25920984,0.28429657,1.0205271,0.27589506,0.2680848,0.57579285,0.43126753,0.13669868,0.59614104,0.3725875,0.23464021,0.42347565,0.29098386
70300,2.1989849,1.1070917,0.07943412,0.24061689,0.06973185,0.11518204,0.37763697,0.35758454,0.19577363,0.20432176,0.890851,0.15989576,0.22438431,0.519796,0.36289167,0.07159519,0.44580188,0.2947215,0.14335619,0.27734405,0.11362515
70320,3.0276353,1.6408193,0.20982012,0.38662797,0.07614101,0.29812205,0.596732,0.5560054,0.426898,0.2560781,0.9651573,0.32969555,0.24579492,0.50947577,0.45980582,0.21796466,0.718915,0.46055028,0.3249996,0.48180595,0.38647547
70340,2.9484487,1.367981,0.26323178,0.39678723,0.090609334,0.19723153,0.41797698,0.53637683,0.39852583,0.22325869,0.6423815,0.13051522,0.18295945,0.1016719,0.39645424,0.3120048,0.6103942,0.29847676,0.2827928,0.3852824,0.3522837
70360,2.1467235,0.8165179,0.18309045,0.3743066,0.11640258,0.20588253,0.329006,0.5198055,0.17466411,0.21253587,0.7442633,0.046523195,0.10826152,0.12452891,0.45300677,0.2871007,0.5775429,0.31055567,0.21372895,0.35618883,0.19786476
70380,2.7166343,1.2276034,0.24408048,0.5281306,0.025782898,0.3735931,0.38665178,0.6970821,0.2843473,0.28355914,0.92775875,0.10049058,0.23781613,0.21185665,0.54797417,0.3776307,0.6956358,0.35444424,0.25124836,0.47441888,0.37040144
70400,4.0778437,2.0618687,0.38248032,0.6687067,0.016500512,0.4009589,0.51440996,0.8702167,0.63105214,0.48253384,0.941934,0.29591316,0.2978559,0.27625424,0.6039956,0.57345325,0.8656522,0.5244059,0.36635154,0.7486802,0.76350766
70420,2.8511407,1.3139354,0.2024202,0.5295158,0.04979109,0.29049328,0.35417008,0.6937257,0.2566604,0.27792454,0.95752907,0.08014498,0.24013053,0.21671598,0.58630425,0.42376205,0.709739,0.3421047,0.18372564,0.5164513,0.40049008
70440,3.6429138,1.7817143,0.2545436,0.57754487,0.029514961,0.30056727,0.36821157,0.79148465,0.4465868,0.3252844,0.9323672,0.15260081,0.2669704,0.23801968,0.61707145,0.48676014,0.76127714,0.4265746,0.21038972,0.6281441,0.604483
70460,2.6280386,1.1906118,0.17774017,0.5013697,0.05199804,0.3077117,0.32818192,0.7011254,0.20984028,0.24307051,0.98413175,0.011748769,0.19134371,0.23147841,0.61028445,0.40813565,0.67082536,0.36331362,0.17170013,0.4649882,0.35455614
70480,3.4382532,1.6336575,0.32070455,0.60029066,0.020182114,0.34321988,0.4069417,0.72578055,0.37473157,0.31317636,0.94157416,0.1403684,0.25526524,0.25068632,0.6762645,0.47367227,0.7820399,0.4803118,0.20698026,0.58300674,0.49912384
70500,3.4227502,1.6113816,0.26778114,0.56438184,0.09736273,0.24634495,0.37094912,0.72815806,0.35401875,0.27679422,0.86551166,0.14831388,0.2311487,0.17417878,0.65341043,0.4374758,0.7448433,0.33445263,0.24973106,0.53432757,0.44552872
70520,2.972889,1.3957734,0.25889346,0.58650124,0.020348672,0.39599147,0.39724597,0.72623724,0.26466498,0.29398733,0.97802496,0.02463981,0.30155224,0.25790766,0.6654274,0.44623706,0.7794041,0.41080695,0.25419667,0.4966194,0.4186071
70540,3.802641,1.9262651,0.31413153,0.5489816,0.024596592,0.35128546,0.4528806,0.68268317,0.4434042,0.28420112,0.8263066,0.15013702,0.30780858,0.20425148,0.6024887,0.47263914,0.79705286,0.3993852,0.31989175,0.5333839,0.52818257
70560,3.7146451,1.8732759,0.2998582,0.6000085,0.04357984,0.36030897,0.40574872,0.75459844,0.43795,0.35632542,0.8942072,0.1929616,0.34592122,0.24079113,0.6561921,0.47343525,0.884399,0.4766012,0.31571552,0.6498731,0.5454054
70580,3.7454534,1.8557721,0.2942001,0.67202264,0.02098589,0.34354156,0.4381952,0.8487542,0.48321736,0.35155514,0.950475,0.19061853,0.26904073,0.26249057,0.65806603,0.53053683,0.79375374,0.4481702,0.3216477,0.6661345,0.66477364
70600,2.7866755,1.3086505,0.17674097,0.57712567,0.07287389,0.32150277,0.35928476,0.72492313,0.23057982,0.25285077,0.9951881,0.06915231,0.18837368,0.2685221,0.66538864,0.47769132,0.70139116,0.3955502,0.2060099,0.5247399,0.4620706
70620,3.584142,1.8531816,0.30601156,0.6603077,0.087337956,0.32930434,0.45422563,0.83729494,0.5644081,0.37448424,0.9536662,0.25402397,0.24004957,0.2693859,0.6292701,0.6027402,0.7679311,0.42466152,0.26753688,0.70765215,0.7665616
70640,2.7154012,1.2166846,0.18423371,0.59104973,0.17455977,0.22505936,0.35126355,0.7337769,0.27374682,0.26247996,1.0162684,0.116930924,0.15724717,0.26375836,0.6037328,0.4752995,0.63043725,0.3388143,0.15312953,0.5357097,0.4613386
70660,2.901508,1.4081035,0.21355546,0.58273137,0.052178934,0.31776252,0.37881312,0.7217465,0.26812193,0.29094583,0.98439413,0.14691363,0.22231275,0.2618919,0.63578546,0.49633297,0.71659213,0.35390615,0.19374765,0.57505834,0.4515836
70680,3.2202084,1.5691075,0.24539083,0.6386913,0.01813187,0.3612956,0.38891536,0.7777364,0.41786394,0.3664261,0.9143013,0.15086854,0.30949348,0.30413815,0.61838084,0.47026426,0.7593627,0.4494535,0.23691535,0.66669387,0.6259115
70700,2.6138117,1.1925799,0.18371166,0.5252588,0.086171895,0.26658493,0.34428337,0.6472532,0.2215402,0.28022805,0.942627,0.11030917,0.21233311,0.28724512,0.5959824,0.4371042,0.66361046,0.3582147,0.174325,0.50720435,0.4251369
70720,2.3849761,0.8461787,0.10566493,0.30288726,0.11357123,0.17898625,0.25089884,0.66511524,0.37498787,0.57990533,0.81903577,0.070207804,0.18780316,0.14775187,0.6187008,0.4174253,0.69908816,0.57259595,0.13111421,0.52194184,0.5021805
70740,2.4577947,0.900195,0.12513673,0.41062847,0.12773609,0.26228014,0.30912203,0.7599071,0.37679702,0.5746744,0.8642675,0.12770136,0.24521874,0.19815873,0.6477372,0.47294006,0.76075953,0.54064626,0.23697942,0.6216772,0.57774585
70760,1.9044856,0.61640596,0.11611735,0.4131946,0.19099629,0.3306351,0.3109627,0.71306527,0.23799197,0.5245236,0.9701303,0.1001251,0.2621232,0.24705486,0.7037863,0.46861187,0.76820576,0.53978425,0.2177572,0.5345444,0.5031808
70780,1.756209,0.5913976,0.097628936,0.3720225,0.12240073,0.27449784,0.2855749,0.72065747,0.23647708,0.52985585,0.9533505,0.071788676,0.22568859,0.26001242,0.59192973,0.44641817,0.67617464,0.5302453,0.15078112,0.49976602,0.45144793
70800,1.5532073,0.4279494,0.08711447,0.3158732,0.071777694,0.13791887,0.27932623,0.60154235,0.18602885,0.39876628,0.8758124,0.07694116,0.14967625,0.19768542,0.5232431,0.40011013,0.5681644,0.41928884,0.15322009,0.39516607,0.33007193
70820,2.0667415,0.83584356,0.13860352,0.44941163,0.09660938,0.22805531,0.35660538,0.83000296,0.47759768,0.49813765,0.9127272,0.15105848,0.22813852,0.25300726,0.57160777,0.4759225,0.653644,0.4908886,0.194968,0.5743271,0.5483445
70840,1.3868308,0.3193563,0.09371627,0.27817127,0.109151095,0.14615117,0.25548932,0.6672968,0.21701284,0.5202426,0.92376506,0.08733815,0.13240081,0.2840163,0.55169123,0.33569294,0.5417083,0.52174866,0.126218,0.4314968,0.34988225
70860,1.502354,0.52146703,0.07804514,0.3823368,0.059308745,0.15963744,0.36183628,0.745104,0.30995837,0.51231796,1.0399083,0.13039437,0.18204376,0.3153002,0.45065722,0.46533656,0.5711613,0.4747449,0.15916348,0.48035398,0.42526883
70880,1.2807761,0.4439181,0.073858134,0.29744717,0.12994307,0.060710233,0.24410862,0.71400946,0.25056866,0.46828178,1.0095142,0.112280585,0.08350069,0.3364117,0.3409657,0.3910865,0.45214826,0.41075197,0.037544318,0.4640131,0.43584055
70900,1.2531561,0.34600294,0.14672399,0.1904389,0.20205979,0.10397963,0.21390949,0.6446686,0.17182432,0.45530167,1.0479506,0.06494816,0.05571529,0.3403832,0.28873774,0.25111425,0.38241804,0.4038764,0.08586088,0.3787713,0.32238653
70920,2.2430289,0.6727385,0.32173672,0.37442255,0.06496951,0.16732539,0.4572784,0.59354895,0.4353335,0.82611775,1.1533842,0.29314178,0.15883519,0.42891908,0.39402717,0.29508632,0.5840121,0.8103507,0.0828183,0.6237144,0.58798
70940,4.0068827,1.4087644,0.69379985,0.6601679,0.066409186,0.49591443,0.6794924,0.61056834,0.6393532,1.0276903,1.309942,0.59857315,0.2110701,0.6794097,0.7697242,0.42990318,0.93993866,1.191138,0.26601166,1.0660162,1.1667018
70960,2.4109013,0.62998056,0.39740273,0.20764744,0.30016428,0.1816711,0.59892017,0.23315926,0.44241428,0.68827707,0.44868153,0.24175507,0.25452185,0.48813727,0.51937306,0.3389356,0.36080587,0.6544696,0.2045317,0.31649026,0.2952224
70980,0.7615388,0.33676916,0.26013058,0.2728217,0.36728382,0.5252144,0.12678082,0.13551556,0.20472765,0.2453756,0.38503173,0.103702694,0.35227132,0.32715574,0.14803584,0.40373272,0.24308369,0.22050557,0.28887182,0.16617511,0.4046081
71000,1.3732363,0.40027007,0.039037943,0.05948516,0.27067244,0.21262722,0.3073644,0.21367411,0.15442806,0.38404474,0.6857019,0.24850474,0.13273679,0.5024482,0.073294386,0.091775365,0.10739201,0.20246933,0.115641564,0.28158656,0.28639242
71020,3.1118717,1.2277529,0.22205321,0.1599674,0.48633188,0.26229218,0.43578798,0.37371907,0.44487613,0.61429703,0.8331241,0.5273007,0.18258435,0.45704958,0.26586625,0.15783471,0.3677086,0.41178316,0.048185136,0.5981713,0.67092186
71040,2.0865276,0.68592477,0.05905476,0.075840645,0.51393116,0.34584448,0.3614353,0.18760885,0.1756743,0.37199867,0.67898095,0.32121256,0.23606674,0.38939762,0.15689413,0.08503041,0.21700165,0.16512081,0.069814906,0.33100194,0.42195183
71060,3.3187518,0.9100172,0.18524183,0.15830182,0.09059566,0.175474,0.52376765,0.34655008,0.6786379,0.5116577,0.3548433,0.30058068,0.08212851,0.5841321,0.69068134,0.15372616,0.2883253,0.3793565,0.36899406,0.524424,0.73445773
71080,1.631843,0.71029997,0.11858875,0.52548283,0.08166159,0.6604226,0.1378944,0.17760524,0.109021716,0.45252144,0.39698052,0.30943757,0.36135742,0.35558936,0.85769355,0.8799979,0.1855758,0.45707244,0.2716324,0.36266997,0.72546065
71100,3.7220418,1.3575386,0.53393763,0.60331273,0.3287302,0.09202563,0.5644187,0.6425146,0.667645,0.7201504,1.0289735,0.7759493,0.13397215,0.5669827,0.84385955,0.44304776,0.86230713,0.6149627,0.25521457,1.0317478,1.0458044
71120,2.5873294,0.9785072,0.18720603,0.2887227,0.48986828,0.20168695,0.3311293,0.38838783,0.4921067,0.46474335,0.64971185,0.28282693,0.19743587,0.32168385,0.3656044,0.1406179,0.3568794,0.24420032,0.18171798,0.57648706,0.73318976
71140,2.4387991,0.49247596,0.649591,0.22387192,0.3876954,0.13723117,0.91675806,0.4077244,0.5944883,0.70645905,0.49467307,0.21338712,0.24673149,0.5740063,0.7701894,0.31299385,0.33390805,0.85162514,0.42911053,0.27815092,0.29436478
71160,2.2549267,0.90704054,0.15878816,0.34736702,0.21846199,0.109354675,0.2789755,0.40066308,0.48250026,0.44413137,0.73599714,0.34930986,0.21351759,0.3251478,0.71984446,0.24686562,0.7561181,0.40262526,0.20311488,0.7632327,0.7528419
71180,4.520379,1.7934153,0.5358378,0.74400806,0.2501101,0.2677158,0.50308025,0.6597642,0.5481241,0.6094014,0.943592,0.46644282,0.106365144,0.46482995,0.8897001,0.4735138,0.840464,0.86863434,0.33821926,0.93584543,0.82500476
71200,4.095998,1.394561,0.3383923,0.4512318,0.21734649,0.4662395,0.43730602,0.57709175,0.41160536,0.73626417,0.8748531,0.2536977,0.2468063,0.46997067,0.9471421,0.35201406,1.0613527,1.0002134,0.39163995,0.8658827,0.8607988
71220,3.3830926,1.2286118,0.15736434,0.36518914,0.1760823,0.35256627,0.2512297,0.67891675,0.3127192,0.6017915,0.8273825,0.09577022,0.35531837,0.37361416,0.62374526,0.39641514,0.9206188,0.6632121,0.26349324,0.711029,0.7258429
71240,2.6880534,1.0357741,0.22486681,0.5322443,0.10934893,0.23521908,0.36627254,0.7035292,0.32770842,0.36417195,0.842467,0.096855566,0.1986483,0.16375573,0.6128874,0.4904864,0.66954726,0.4852044,0.21789674,0.49550477,0.34769377
71260,2.7013636,0.96058345,0.11332336,0.22772282,0.16637492,0.28200173,0.33730698,0.5762696,0.15805884,0.3636015,0.80545205,0.05461845,0.21277945,0.16121498,0.5703466,0.41504514,0.7727128,0.5488063,0.22508977,0.24765508,0.28126037
71280,3.4246578,1.4825147,0.17754003,0.30656466,0.21865106,0.34752128,0.38848954,0.6407925,0.35124323,0.45082057,0.7920467,0.083536826,0.33250415,0.22306338,0.54487354,0.38444018,0.84643793,0.5726316,0.32082883,0.36065972,0.40068403
71300,2.668039,1.1581496,0.12384396,0.17990133,0.31208628,0.3589787,0.38358906,0.5901719,0.27004296,0.52669966,0.9520179,0.118415646,0.40042412,0.3282043,0.56437075,0.40288475,0.91907674,0.5972064,0.32941455,0.33763674,0.33231097
71320,3.8016863,1.76333,0.20892508,0.36713398,0.21165396,0.41403905,0.45058402,0.7268117,0.48968902,0.5119145,0.88281584,0.19972172,0.33269712,0.31437355,0.55308247,0.49461657,0.8877472,0.6682163,0.40938127,0.50240046,0.6805462
71340,2.8627868,1.2883545,0.12424799,0.21564142,0.20762813,0.3070298,0.34482327,0.5775579,0.2826021,0.5123559,0.9568828,0.15913908,0.38854536,0.3606744,0.5016269,0.36775726,0.8729082,0.54340005,0.33103144,0.3606068,0.39176226
71360,1.5828199,0.6577277,0.1490643,0.16326848,0.13452718,0.07423007,0.25571644,0.17250316,0.1069703,0.35858658,0.62006867,0.10537085,0.17360981,0.32307854,0.2288064,0.064457126,0.36406416,0.32818013,0.07927992,0.12823093,0.10389109
71380,1.2782671,0.6894407,0.07640791,0.10006396,0.24305971,0.13566685,0.32710725,0.3052203,0.26930675,0.47799933,0.75575703,0.23085652,0.32956234,0.41598415,0.19847319,0.078941725,0.41017047,0.4083814,0.12926453,0.24323426,0.1461958
71400,1.6516026,0.976721,0.10477843,0.22146474,0.124694504,0.27280763,0.4247643,0.39686456,0.20001699,0.2730025,0.9108144,0.23578112,0.2503735,0.45009068,0.33277842,0.11844278,0.547567,0.37680662,0.19482058,0.26743376,0.12751472
71420,2.1330235,1.0936382,0.15371454,0.31940162,0.036167603,0.24055709,0.3638571,0.49903613,0.32170492,0.22516434,0.7805015,0.14909485,0.20898354,0.39661497,0.36637172,0.14953612,0.50702286,0.34895614,0.19560272,0.32439294,0.28758526
71440,2.8192413,1.4869858,0.14204279,0.37621862,0.038973678,0.26993397,0.41301605,0.5984521,0.32081273,0.19933963,0.98443085,0.14877115,0.3118069,0.3978228,0.41009572,0.20788266,0.6602712,0.34845072,0.22205263,0.3683311,0.32479343
71460,2.1924748,1.1947992,0.15304407,0.37862453,0.0784947,0.36212248,0.4697805,0.570121,0.24664292,0.27889374,1.0864804,0.17434241,0.35197505,0.53112864,0.46606314,0.22399199,0.68895394,0.39645547,0.29412737,0.37004164,0.28400064
71480,3.1788085,1.7155433,0.23289663,0.49929067,0.034088302,0.33184305,0.5758217,0.67925465,0.5184906,0.36920696,1.0302563,0.35969517,0.31349024,0.5556068,0.55960834,0.29631206,0.7651567,0.47780094,0.35081518,0.57109135,0.50208163
